Name,Season,Role,Start Date,End Date,Average_Popularity_Score
Evander Holyfield,1,Celebrity,2005-06-01,2005-07-06,2.7777777777777777
Joey McIntyre,1,Celebrity,2005-06-01,2005-07-06,7.25
John O'Hurley,1,Celebrity,2005-06-01,2005-07-06,0.0
Kelly Monaco,1,Celebrity,2005-06-01,2005-07-06,20.833333333333332
Rachel Hunter,1,Celebrity,2005-06-01,2005-07-06,24.75
Trista Sutter,1,Celebrity,2005-06-01,2005-07-06,2.7777777777777777
Alec Mazo,1,Professional,2005-06-01,2005-07-06,0.0
Ashly DelGrosso,1,Professional,2005-06-01,2005-07-06,2.7777777777777777
Charlotte Jorgensen,1,Professional,2005-06-01,2005-07-06,0.0
Edyta Sliwinska,1,Professional,2005-06-01,2005-07-06,0.0
Jonathan Roberts,1,Professional,2005-06-01,2005-07-06,0.0
Louis van Amstel,1,Professional,2005-06-01,2005-07-06,0.0
Drew Lachey,2,Celebrity,2006-01-05,2006-02-26,9.547169811320755
George Hamilton,2,Celebrity,2006-01-05,2006-02-26,10.716981132075471
Giselle Fernandez,2,Celebrity,2006-01-05,2006-02-26,7.169811320754717
Jerry Rice,2,Celebrity,2006-01-05,2006-02-26,27.037735849056602
Kenny Mayne,2,Celebrity,2006-01-05,2006-02-26,4.509433962264151
Lisa Rinna,2,Celebrity,2006-01-05,2006-02-26,28.32075471698113
Master P,2,Celebrity,2006-01-05,2006-02-26,15.075471698113208
Stacy Keibler,2,Celebrity,2006-01-05,2006-02-26,38.943396226415096
Tatum O'Neal,2,Celebrity,2006-01-05,2006-02-26,0.0
Tia Carrere,2,Celebrity,2006-01-05,2006-02-26,16.71698113207547
Andrea Hale,2,Professional,2006-01-05,2006-02-26,1.8867924528301887
Anna Trebunskaya,2,Professional,2006-01-05,2006-02-26,1.8867924528301887
Ashly DelGrosso,2,Professional,2006-01-05,2006-02-26,6.056603773584905
Cheryl Burke,2,Professional,2006-01-05,2006-02-26,5.490566037735849
Edyta Sliwinska,2,Professional,2006-01-05,2006-02-26,5.490566037735849
Jonathan Roberts,2,Professional,2006-01-05,2006-02-26,0.0
Louis van Amstel,2,Professional,2006-01-05,2006-02-26,0.0
Maksim Chmerkoskiy,2,Professional,2006-01-05,2006-02-26,0.0
Nick Kosovich,2,Professional,2006-01-05,2006-02-26,1.8867924528301887
Tony Dovolani,2,Professional,2006-01-05,2006-02-26,1.8867924528301887
Emmitt Smith,3,Celebrity,2006-09-12,2006-11-15,6.569230769230769
Harry Hamlin,3,Celebrity,2006-09-12,2006-11-15,6.769230769230769
Jerry Springer,3,Celebrity,2006-09-12,2006-11-15,24.323076923076922
Joey Lawrence,3,Celebrity,2006-09-12,2006-11-15,15.692307692307692
Mario Lopez,3,Celebrity,2006-09-12,2006-11-15,14.138461538461538
Monique Coleman,3,Celebrity,2006-09-12,2006-11-15,9.446153846153846
Sara Evans,3,Celebrity,2006-09-12,2006-11-15,
Shanna Moakler,3,Celebrity,2006-09-12,2006-11-15,5.969230769230769
Tucker Carlson,3,Celebrity,2006-09-12,2006-11-15,5.492307692307692
Vivica A. Fox,3,Celebrity,2006-09-12,2006-11-15,1.5384615384615385
Willa Ford,3,Celebrity,2006-09-12,2006-11-15,14.415384615384616
Ashly DelGrosso,3,Professional,2006-09-12,2006-11-15,2.4615384615384617
Cheryl Burke,3,Professional,2006-09-12,2006-11-15,7.507692307692308
Edyta Sliwinska,3,Professional,2006-09-12,2006-11-15,11.492307692307692
Elena Grinenko,3,Professional,2006-09-12,2006-11-15,0.0
Jesse DeSoto,3,Professional,2006-09-12,2006-11-15,0.0
Karina Smirnoff,3,Professional,2006-09-12,2006-11-15,4.907692307692308
Kym Johnson,3,Professional,2006-09-12,2006-11-15,6.723076923076923
Louis van Amstel,3,Professional,2006-09-12,2006-11-15,1.5384615384615385
Maksim Chmerkoskiy,3,Professional,2006-09-12,2006-11-15,1.5384615384615385
Nick Kosovich,3,Professional,2006-09-12,2006-11-15,0.0
Tony Dovolani,3,Professional,2006-09-12,2006-11-15,1.5384615384615385
Apolo Anton Ohno,4,Celebrity,2007-03-19,2007-05-22,18.384615384615383
Billy Ray Cyrus,4,Celebrity,2007-03-19,2007-05-22,18.661538461538463
Clyde Drexler,4,Celebrity,2007-03-19,2007-05-22,7.2615384615384615
Heather Mills,4,Celebrity,2007-03-19,2007-05-22,11.923076923076923
Ian Ziering,4,Celebrity,2007-03-19,2007-05-22,11.476923076923077
Joey Fatone,4,Celebrity,2007-03-19,2007-05-22,12.307692307692308
John Ratzenberger,4,Celebrity,2007-03-19,2007-05-22,4.984615384615385
Laila Ali,4,Celebrity,2007-03-19,2007-05-22,22.03076923076923
Leeza Gibbons,4,Celebrity,2007-03-19,2007-05-22,6.707692307692308
Paulina Porizkova,4,Celebrity,2007-03-19,2007-05-22,4.3076923076923075
Shandi Finnessey,4,Celebrity,2007-03-19,2007-05-22,5.2153846153846155
Alec Mazo,4,Professional,2007-03-19,2007-05-22,4.138461538461539
Brian Fortuna,4,Professional,2007-03-19,2007-05-22,4.2615384615384615
Cheryl Burke,4,Professional,2007-03-19,2007-05-22,19.96923076923077
Edyta Sliwinska,4,Professional,2007-03-19,2007-05-22,8.123076923076923
Elena Grinenko,4,Professional,2007-03-19,2007-05-22,2.3846153846153846
Jonathan Roberts,4,Professional,2007-03-19,2007-05-22,2.9076923076923076
Julianne Hough,4,Professional,2007-03-19,2007-05-22,14.6
Karina Smirnoff,4,Professional,2007-03-19,2007-05-22,8.569230769230769
Kym Johnson,4,Professional,2007-03-19,2007-05-22,9.507692307692308
Maksim Chmerkoskiy,4,Professional,2007-03-19,2007-05-22,0.0
Tony Dovolani,4,Professional,2007-03-19,2007-05-22,1.5384615384615385
Albert Reed,5,Celebrity,2007-09-24,2007-11-27,5.907692307692308
Cameron Mathison,5,Celebrity,2007-09-24,2007-11-27,6.584615384615384
Floyd Mayweather Jr. ,5,Celebrity,2007-09-24,2007-11-27,1.5384615384615385
Helio Castroneves,5,Celebrity,2007-09-24,2007-11-27,12.553846153846154
Jane Seymour,5,Celebrity,2007-09-24,2007-11-27,16.23076923076923
Jennie Garth,5,Celebrity,2007-09-24,2007-11-27,10.492307692307692
Josie Maran,5,Celebrity,2007-09-24,2007-11-27,4.707692307692308
Marie Osmond,5,Celebrity,2007-09-24,2007-11-27,7.815384615384615
Mark Cuban,5,Celebrity,2007-09-24,2007-11-27,14.276923076923078
Mel B,5,Celebrity,2007-09-24,2007-11-27,11.661538461538461
Sabrina Bryan,5,Celebrity,2007-09-24,2007-11-27,7.6461538461538465
Wayne Newton,5,Celebrity,2007-09-24,2007-11-27,4.984615384615385
Alec Mazo,5,Professional,2007-09-24,2007-11-27,3.0
Anna Trebunskaya,5,Professional,2007-09-24,2007-11-27,2.353846153846154
Cheryl Burke,5,Professional,2007-09-24,2007-11-27,16.8
Derek Hough,5,Professional,2007-09-24,2007-11-27,13.261538461538462
Edyta Sliwinska,5,Professional,2007-09-24,2007-11-27,10.723076923076922
Jonathan Roberts,5,Professional,2007-09-24,2007-11-27,3.0923076923076924
Julianne Hough,5,Professional,2007-09-24,2007-11-27,22.923076923076923
Karina Smirnoff,5,Professional,2007-09-24,2007-11-27,9.723076923076922
Kym Johnson,5,Professional,2007-09-24,2007-11-27,9.615384615384615
Maksim Chmerkoskiy,5,Professional,2007-09-24,2007-11-27,0.0
Mark Ballas,5,Professional,2007-09-24,2007-11-27,10.661538461538461
Tony Dovolani,5,Professional,2007-09-24,2007-11-27,0.0
Adam Carolla,6,Celebrity,2008-03-17,2008-05-20,24.246153846153845
Cristian de la Fuente,6,Celebrity,2008-03-17,2008-05-20,4.984615384615385
Jason Taylor,6,Celebrity,2008-03-17,2008-05-20,18.50769230769231
Kristi Yamaguchi,6,Celebrity,2008-03-17,2008-05-20,17.53846153846154
Mario,6,Celebrity,2008-03-17,2008-05-20,59.55384615384615
Marissa Jaret Winokur,6,Celebrity,2008-03-17,2008-05-20,10.584615384615384
Marlee Matlin,6,Celebrity,2008-03-17,2008-05-20,10.0
Monica Seles,6,Celebrity,2008-03-17,2008-05-20,5.138461538461539
Penn Jillette,6,Celebrity,2008-03-17,2008-05-20,4.030769230769231
Priscilla Presley,6,Celebrity,2008-03-17,2008-05-20,8.246153846153845
Shannon Elizabeth,6,Celebrity,2008-03-17,2008-05-20,18.8
Steve Guttenberg,6,Celebrity,2008-03-17,2008-05-20,5.7846153846153845
Anna Trebunskaya,6,Professional,2008-03-17,2008-05-20,2.9846153846153847
Cheryl Burke,6,Professional,2008-03-17,2008-05-20,28.692307692307693
Derek Hough,6,Professional,2008-03-17,2008-05-20,13.323076923076924
Edyta Sliwinska,6,Professional,2008-03-17,2008-05-20,20.0
Fabian Sanchez,6,Professional,2008-03-17,2008-05-20,2.953846153846154
Jonathan Roberts,6,Professional,2008-03-17,2008-05-20,2.6307692307692307
Julianne Hough,6,Professional,2008-03-17,2008-05-20,26.53846153846154
Karina Smirnoff,6,Professional,2008-03-17,2008-05-20,14.723076923076922
Kym Johnson,6,Professional,2008-03-17,2008-05-20,5.2615384615384615
Louis van Amstel,6,Professional,2008-03-17,2008-05-20,0.0
Mark Ballas,6,Professional,2008-03-17,2008-05-20,25.338461538461537
Tony Dovolani,6,Professional,2008-03-17,2008-05-20,3.1538461538461537
Brooke Burke,7,Celebrity,2008-09-22,2008-11-25,21.553846153846155
Cloris Leachman,7,Celebrity,2008-09-22,2008-11-25,11.63076923076923
Cody Linley,7,Celebrity,2008-09-22,2008-11-25,15.876923076923077
Jeffrey Ross,7,Celebrity,2008-09-22,2008-11-25,2.769230769230769
Kim Kardashian,7,Celebrity,2008-09-22,2008-11-25,37.93846153846154
Lance Bass,7,Celebrity,2008-09-22,2008-11-25,22.784615384615385
Maurice Greene,7,Celebrity,2008-09-22,2008-11-25,7.907692307692308
Misty May-Treanor,7,Celebrity,2008-09-22,2008-11-25,5.769230769230769
Rocco DiSpirito,7,Celebrity,2008-09-22,2008-11-25,8.923076923076923
Susan Lucci,7,Celebrity,2008-09-22,2008-11-25,9.307692307692308
Ted McGinley,7,Celebrity,2008-09-22,2008-11-25,3.8153846153846156
Toni Braxton,7,Celebrity,2008-09-22,2008-11-25,10.076923076923077
Warren Sapp,7,Celebrity,2008-09-22,2008-11-25,17.56923076923077
Alec Mazo,7,Professional,2008-09-22,2008-11-25,5.107692307692307
Cheryl Burke,7,Professional,2008-09-22,2008-11-25,21.53846153846154
Corky Ballas,7,Professional,2008-09-22,2008-11-25,13.246153846153845
Derek Hough,7,Professional,2008-09-22,2008-11-25,
Edyta Sliwinska,7,Professional,2008-09-22,2008-11-25,9.061538461538461
Inna Brayer,7,Professional,2008-09-22,2008-11-25,3.6615384615384614
Julianne Hough,7,Professional,2008-09-22,2008-11-25,24.76923076923077
Karina Smirnoff,7,Professional,2008-09-22,2008-11-25,11.907692307692308
Kym Johnson,7,Professional,2008-09-22,2008-11-25,15.76923076923077
Lacey Schwimmer,7,Professional,2008-09-22,2008-11-25,21.153846153846153
Maksim Chmerkoskiy,7,Professional,2008-09-22,2008-11-25,0.0
Mark Ballas,7,Professional,2008-09-22,2008-11-25,11.846153846153847
Tony Dovolani,7,Professional,2008-09-22,2008-11-25,4.492307692307692
Belinda Carlisle,8,Celebrity,2009-03-09,2009-05-19,4.458333333333333
Chuck Wicks,8,Celebrity,2009-03-09,2009-05-19,19.40277777777778
David Alan Grier,8,Celebrity,2009-03-09,2009-05-19,5.361111111111111
Denise Richards,8,Celebrity,2009-03-09,2009-05-19,16.083333333333332
Gilles Marini,8,Celebrity,2009-03-09,2009-05-19,19.791666666666668
Holly Madison,8,Celebrity,2009-03-09,2009-05-19,26.25
Lawrence Taylor,8,Celebrity,2009-03-09,2009-05-19,11.083333333333334
Lil' Kim,8,Celebrity,2009-03-09,2009-05-19,0.0
Melissa Rycroft,8,Celebrity,2009-03-09,2009-05-19,15.38888888888889
Shawn Johnson,8,Celebrity,2009-03-09,2009-05-19,13.597222222222221
Steve Wozniak,8,Celebrity,2009-03-09,2009-05-19,9.791666666666666
Steve-O,8,Celebrity,2009-03-09,2009-05-19,14.555555555555555
Ty Murray,8,Celebrity,2009-03-09,2009-05-19,16.98611111111111
Chelsie Hightower,8,Professional,2009-03-09,2009-05-19,12.194444444444445
Cheryl Burke,8,Professional,2009-03-09,2009-05-19,20.680555555555557
Derek Hough,8,Professional,2009-03-09,2009-05-19,30.51388888888889
Dmitry Chaplin,8,Professional,2009-03-09,2009-05-19,5.319444444444445
Edyta Sliwinska,8,Professional,2009-03-09,2009-05-19,14.152777777777779
Jonathan Roberts,8,Professional,2009-03-09,2009-05-19,3.5
Julianne Hough,8,Professional,2009-03-09,2009-05-19,23.0
Karina Smirnoff,8,Professional,2009-03-09,2009-05-19,11.416666666666666
Kym Johnson,8,Professional,2009-03-09,2009-05-19,4.722222222222222
Lacey Schwimmer,8,Professional,2009-03-09,2009-05-19,10.76388888888889
Maksim Chmerkoskiy,8,Professional,2009-03-09,2009-05-19,0.0
Mark Ballas,8,Professional,2009-03-09,2009-05-19,19.63888888888889
Tony Dovolani,8,Professional,2009-03-09,2009-05-19,9.166666666666666
Aaron Carter,9,Celebrity,2009-09-21,2009-11-24,19.2
Ashley Hamiliton,9,Celebrity,2009-09-21,2009-11-24,0.0
Chuck Liddell,9,Celebrity,2009-09-21,2009-11-24,18.96923076923077
Debi Mazar,9,Celebrity,2009-09-21,2009-11-24,5.969230769230769
Donny Osmond,9,Celebrity,2009-09-21,2009-11-24,14.876923076923077
Joanna Krupa,9,Celebrity,2009-09-21,2009-11-24,16.184615384615384
Kathy Ireland,9,Celebrity,2009-09-21,2009-11-24,9.492307692307692
Kelly Osbourne,9,Celebrity,2009-09-21,2009-11-24,13.046153846153846
Louie Vito,9,Celebrity,2009-09-21,2009-11-24,14.215384615384615
Macy Gray,9,Celebrity,2009-09-21,2009-11-24,4.476923076923077
Mark Dacascos,9,Celebrity,2009-09-21,2009-11-24,9.307692307692308
Melissa Joan Hart,9,Celebrity,2009-09-21,2009-11-24,22.246153846153845
Michael Irvin,9,Celebrity,2009-09-21,2009-11-24,13.446153846153846
Mya,9,Celebrity,2009-09-21,2009-11-24,32.83076923076923
Natalie Coughlin,9,Celebrity,2009-09-21,2009-11-24,7.246153846153846
Tom DeLay,9,Celebrity,2009-09-21,2009-11-24,5.907692307692308
Alec Mazo,9,Professional,2009-09-21,2009-11-24,4.3538461538461535
Anna Demidova,9,Professional,2009-09-21,2009-11-24,5.476923076923077
Anna Trebunskaya,9,Professional,2009-09-21,2009-11-24,10.569230769230769
Chelsie Hightower,9,Professional,2009-09-21,2009-11-24,18.215384615384615
Cheryl Burke,9,Professional,2009-09-21,2009-11-24,14.876923076923077
Derek Hough,9,Professional,2009-09-21,2009-11-24,18.646153846153847
Dmitry Chaplin,9,Professional,2009-09-21,2009-11-24,14.323076923076924
Edyta Sliwinska,9,Professional,2009-09-21,2009-11-24,8.476923076923077
Jonathan Roberts,9,Professional,2009-09-21,2009-11-24,2.707692307692308
Karina Smirnoff,9,Professional,2009-09-21,2009-11-24,17.16923076923077
Kym Johnson,9,Professional,2009-09-21,2009-11-24,6.230769230769231
Lacey Schwimmer,9,Professional,2009-09-21,2009-11-24,13.76923076923077
Louis van Amstel,9,Professional,2009-09-21,2009-11-24,14.338461538461539
Maksim Chmerkoskiy,9,Professional,2009-09-21,2009-11-24,1.5384615384615385
Mark Ballas,9,Professional,2009-09-21,2009-11-24,11.569230769230769
Tony Dovolani,9,Professional,2009-09-21,2009-11-24,2.523076923076923
Aiden Turner,10,Celebrity,2010-03-22,2010-05-25,5.2153846153846155
Buzz Aldrin,10,Celebrity,2010-03-22,2010-05-25,10.03076923076923
Chad Ochocinco,10,Celebrity,2010-03-22,2010-05-25,20.523076923076925
Erin Andrews,10,Celebrity,2010-03-22,2010-05-25,20.83076923076923
Evan Lysacek,10,Celebrity,2010-03-22,2010-05-25,26.56923076923077
Jake Pavelka,10,Celebrity,2010-03-22,2010-05-25,18.276923076923076
Kate Gosselin,10,Celebrity,2010-03-22,2010-05-25,24.076923076923077
Nicole Scherzinger,10,Celebrity,2010-03-22,2010-05-25,21.984615384615385
Niecy Nash,10,Celebrity,2010-03-22,2010-05-25,12.553846153846154
Pamela Anderson,10,Celebrity,2010-03-22,2010-05-25,17.923076923076923
Shannen Doherty,10,Celebrity,2010-03-22,2010-05-25,8.03076923076923
Anna Trebunskaya,10,Professional,2010-03-22,2010-05-25,15.876923076923077
Ashly DelGrosso,10,Professional,2010-03-22,2010-05-25,3.876923076923077
Chelsie Hightower,10,Professional,2010-03-22,2010-05-25,15.538461538461538
Cheryl Burke,10,Professional,2010-03-22,2010-05-25,18.50769230769231
Damian Whitewood,10,Professional,2010-03-22,2010-05-25,6.492307692307692
Derek Hough,10,Professional,2010-03-22,2010-05-25,26.76923076923077
Edyta Sliwinska,10,Professional,2010-03-22,2010-05-25,8.307692307692308
Louis van Amstel,10,Professional,2010-03-22,2010-05-25,2.6615384615384614
Maksim Chmerkoskiy,10,Professional,2010-03-22,2010-05-25,0.0
Mark Ballas,10,Professional,2010-03-22,2010-05-25,8.584615384615384
Tony Dovolani,10,Professional,2010-03-22,2010-05-25,7.015384615384615
Audrina Patridge,11,Celebrity,2010-09-20,2010-11-23,14.615384615384615
Brandy,11,Celebrity,2010-09-20,2010-11-23,21.784615384615385
Bristol Palin,11,Celebrity,2010-09-20,2010-11-23,15.015384615384615
David Hasselhoff,11,Celebrity,2010-09-20,2010-11-23,5.553846153846154
Florence Henderson,11,Celebrity,2010-09-20,2010-11-23,5.969230769230769
Jennifer Grey,11,Celebrity,2010-09-20,2010-11-23,16.153846153846153
Kurt Warner,11,Celebrity,2010-09-20,2010-11-23,13.476923076923077
Kyle Massey,11,Celebrity,2010-09-20,2010-11-23,13.815384615384616
Margaret Cho,11,Celebrity,2010-09-20,2010-11-23,11.215384615384615
Michael Bolton,11,Celebrity,2010-09-20,2010-11-23,10.446153846153846
Rick Fox,11,Celebrity,2010-09-20,2010-11-23,8.23076923076923
The Situation,11,Celebrity,2010-09-20,2010-11-23,32.4
Anna Trebunskaya,11,Professional,2010-09-20,2010-11-23,9.63076923076923
Chelsie Hightower,11,Professional,2010-09-20,2010-11-23,8.861538461538462
Cheryl Burke,11,Professional,2010-09-20,2010-11-23,25.923076923076923
Corky Ballas,11,Professional,2010-09-20,2010-11-23,8.738461538461538
Derek Hough,11,Professional,2010-09-20,2010-11-23,27.446153846153845
Karina Smirnoff,11,Professional,2010-09-20,2010-11-23,6.338461538461538
Kym Johnson,11,Professional,2010-09-20,2010-11-23,3.4461538461538463
Lacey Schwimmer,11,Professional,2010-09-20,2010-11-23,19.70769230769231
Louis van Amstel,11,Professional,2010-09-20,2010-11-23,
Maksim Chmerkoskiy,11,Professional,2010-09-20,2010-11-23,0.0
Mark Ballas,11,Professional,2010-09-20,2010-11-23,28.53846153846154
Tony Dovolani,11,Professional,2010-09-20,2010-11-23,9.169230769230769
Chelsea Kane,12,Celebrity,2011-03-21,2011-05-24,20.584615384615386
Chris Jericho,12,Celebrity,2011-03-21,2011-05-24,16.876923076923077
Hines Ward,12,Celebrity,2011-03-21,2011-05-24,11.8
Kendra Wilkinson,12,Celebrity,2011-03-21,2011-05-24,28.784615384615385
Kirstie Alley,12,Celebrity,2011-03-21,2011-05-24,15.861538461538462
Mike Catherwood,12,Celebrity,2011-03-21,2011-05-24,
Petra Nemcova,12,Celebrity,2011-03-21,2011-05-24,9.830769230769231
Ralph Macchio,12,Celebrity,2011-03-21,2011-05-24,10.046153846153846
Romeo,12,Celebrity,2011-03-21,2011-05-24,53.41538461538462
Sugar Ray Leonard,12,Celebrity,2011-03-21,2011-05-24,6.8
Wendy Williams,12,Celebrity,2011-03-21,2011-05-24,17.138461538461538
Anna Trebunskaya,12,Professional,2011-03-21,2011-05-24,8.092307692307692
Chelsie Hightower,12,Professional,2011-03-21,2011-05-24,18.8
Cheryl Burke,12,Professional,2011-03-21,2011-05-24,22.6
Dmitry Chaplin,12,Professional,2011-03-21,2011-05-24,9.96923076923077
Karina Smirnoff,12,Professional,2011-03-21,2011-05-24,17.615384615384617
Kym Johnson,12,Professional,2011-03-21,2011-05-24,7.030769230769231
Lacey Schwimmer,12,Professional,2011-03-21,2011-05-24,7.938461538461539
Louis van Amstel,12,Professional,2011-03-21,2011-05-24,12.338461538461539
Maksim Chmerkoskiy,12,Professional,2011-03-21,2011-05-24,0.0
Mark Ballas,12,Professional,2011-03-21,2011-05-24,24.553846153846155
Tony Dovolani,12,Professional,2011-03-21,2011-05-24,8.907692307692308
Carson Kressley,13,Celebrity,2011-09-19,2011-11-22,8.861538461538462
Chaz Bono,13,Celebrity,2011-09-19,2011-11-22,12.153846153846153
Chynna Phillips,13,Celebrity,2011-09-19,2011-11-22,
David Arquette,13,Celebrity,2011-09-19,2011-11-22,14.23076923076923
Elisabetta Canalis,13,Celebrity,2011-09-19,2011-11-22,5.938461538461539
Hope Solo,13,Celebrity,2011-09-19,2011-11-22,21.046153846153846
J.R. Martinez,13,Celebrity,2011-09-19,2011-11-22,15.03076923076923
Kristin Cavallari,13,Celebrity,2011-09-19,2011-11-22,9.892307692307693
Metta World Peace (Ron),13,Celebrity,2011-09-19,2011-11-22,2.276923076923077
Nancy Grace,13,Celebrity,2011-09-19,2011-11-22,7.415384615384616
Ricki Lake,13,Celebrity,2011-09-19,2011-11-22,22.353846153846153
Rob Kardashian,13,Celebrity,2011-09-19,2011-11-22,27.892307692307693
Anna Trebunskaya,13,Professional,2011-09-19,2011-11-22,6.892307692307693
Cheryl Burke,13,Professional,2011-09-19,2011-11-22,22.369230769230768
Derek Hough,13,Professional,2011-09-19,2011-11-22,23.846153846153847
Karina Smirnoff,13,Professional,2011-09-19,2011-11-22,15.892307692307693
Kym Johnson,13,Professional,2011-09-19,2011-11-22,
Lacey Schwimmer,13,Professional,2011-09-19,2011-11-22,11.8
Maksim Chmerkoskiy,13,Professional,2011-09-19,2011-11-22,0.0
Mark Ballas,13,Professional,2011-09-19,2011-11-22,16.446153846153845
Peta Murgatroyd,13,Professional,2011-09-19,2011-11-22,2.7384615384615385
Tony Dovolani,13,Professional,2011-09-19,2011-11-22,6.753846153846154
Tristan MacManus,13,Professional,2011-09-19,2011-11-22,18.953846153846154
Valentin Chmerkovskiy,13,Professional,2011-09-19,2011-11-22,
Donald Driver,14,Celebrity,2012-03-19,2012-05-22,15.4
Gavin DeGraw,14,Celebrity,2012-03-19,2012-05-22,22.523076923076925
Gladys Knight,14,Celebrity,2012-03-19,2012-05-22,6.430769230769231
Jack Wagner,14,Celebrity,2012-03-19,2012-05-22,8.107692307692307
Jaleel White,14,Celebrity,2012-03-19,2012-05-22,15.984615384615385
Katherine Jenkins,14,Celebrity,2012-03-19,2012-05-22,8.753846153846155
Maria Menounos,14,Celebrity,2012-03-19,2012-05-22,19.2
Martina Navratilova,14,Celebrity,2012-03-19,2012-05-22,4.492307692307692
Melissa Gilbert,14,Celebrity,2012-03-19,2012-05-22,11.492307692307692
Roshon Fegan,14,Celebrity,2012-03-19,2012-05-22,15.492307692307692
Sherri Sheperd,14,Celebrity,2012-03-19,2012-05-22,0.0
William Levy,14,Celebrity,2012-03-19,2012-05-22,13.015384615384615
Anna Trebunskaya,14,Professional,2012-03-19,2012-05-22,8.307692307692308
Chelsie Hightower,14,Professional,2012-03-19,2012-05-22,19.03076923076923
Cheryl Burke,14,Professional,2012-03-19,2012-05-22,23.76923076923077
Derek Hough,14,Professional,2012-03-19,2012-05-22,15.76923076923077
Karina Smirnoff,14,Professional,2012-03-19,2012-05-22,26.43076923076923
Kym Johnson,14,Professional,2012-03-19,2012-05-22,14.430769230769231
Maksim Chmerkoskiy,14,Professional,2012-03-19,2012-05-22,0.0
Mark Ballas,14,Professional,2012-03-19,2012-05-22,19.876923076923077
Peta Murgatroyd,14,Professional,2012-03-19,2012-05-22,
Tony Dovolani,14,Professional,2012-03-19,2012-05-22,8.292307692307693
Tristan MacManus,14,Professional,2012-03-19,2012-05-22,12.984615384615385
Valentin Chmerkovskiy,14,Professional,2012-03-19,2012-05-22,0.0
Apolo Anton Ohno,15,Celebrity,2012-09-24,2012-11-27,12.446153846153846
Bristol Palin,15,Celebrity,2012-09-24,2012-11-27,17.6
Drew Lachey,15,Celebrity,2012-09-24,2012-11-27,10.092307692307692
Emmitt Smith,15,Celebrity,2012-09-24,2012-11-27,19.046153846153846
Gilles Marini,15,Celebrity,2012-09-24,2012-11-27,17.676923076923078
Helio Castroneves,15,Celebrity,2012-09-24,2012-11-27,6.230769230769231
Joey Fatone,15,Celebrity,2012-09-24,2012-11-27,9.03076923076923
Kelly Monaco,15,Celebrity,2012-09-24,2012-11-27,18.0
Kirstie Alley,15,Celebrity,2012-09-24,2012-11-27,23.876923076923077
Melissa Rycroft,15,Celebrity,2012-09-24,2012-11-27,14.584615384615384
Pamela Anderson,15,Celebrity,2012-09-24,2012-11-27,13.169230769230769
Sabrina Bryan,15,Celebrity,2012-09-24,2012-11-27,8.03076923076923
Shawn Johnson,15,Celebrity,2012-09-24,2012-11-27,24.0
Anna Trebunskaya,15,Professional,2012-09-24,2012-11-27,6.753846153846154
Chelsie Hightower,15,Professional,2012-09-24,2012-11-27,13.507692307692308
Cheryl Burke,15,Professional,2012-09-24,2012-11-27,18.815384615384616
Derek Hough,15,Professional,2012-09-24,2012-11-27,27.553846153846155
Karina Smirnoff,15,Professional,2012-09-24,2012-11-27,22.56923076923077
Kym Johnson,15,Professional,2012-09-24,2012-11-27,7.0
Louis van Amstel,15,Professional,2012-09-24,2012-11-27,
Maksim Chmerkoskiy,15,Professional,2012-09-24,2012-11-27,1.5384615384615385
Mark Ballas,15,Professional,2012-09-24,2012-11-27,23.184615384615384
Peta Murgatroyd,15,Professional,2012-09-24,2012-11-27,21.846153846153847
Tony Dovolani,15,Professional,2012-09-24,2012-11-27,10.984615384615385
Tristan MacManus,15,Professional,2012-09-24,2012-11-27,4.876923076923077
Valentin Chmerkovskiy,15,Professional,2012-09-24,2012-11-27,11.907692307692308
Alexandra Raisman,16,Celebrity,2013-03-18,2013-05-21,12.169230769230769
Andy Dick,16,Celebrity,2013-03-18,2013-05-21,12.323076923076924
D. L. Hughley,16,Celebrity,2013-03-18,2013-05-21,1.5384615384615385
Dorothy Hamill,16,Celebrity,2013-03-18,2013-05-21,5.246153846153846
Ingo Rademacher,16,Celebrity,2013-03-18,2013-05-21,10.553846153846154
Jacoby Jones,16,Celebrity,2013-03-18,2013-05-21,16.03076923076923
Kellie Pickler,16,Celebrity,2013-03-18,2013-05-21,16.615384615384617
Lisa Vanderpump,16,Celebrity,2013-03-18,2013-05-21,11.2
Sean Lowe,16,Celebrity,2013-03-18,2013-05-21,32.01538461538462
Victor Ortiz,16,Celebrity,2013-03-18,2013-05-21,15.461538461538462
Wynonna Judd,16,Celebrity,2013-03-18,2013-05-21,5.7384615384615385
Zendaya,16,Celebrity,2013-03-18,2013-05-21,23.846153846153847
Cheryl Burke,16,Professional,2013-03-18,2013-05-21,15.646153846153846
Derek Hough,16,Professional,2013-03-18,2013-05-21,20.384615384615383
Gleb Savchenko,16,Professional,2013-03-18,2013-05-21,9.723076923076922
Karina Smirnoff,16,Professional,2013-03-18,2013-05-21,21.83076923076923
Kym Johnson,16,Professional,2013-03-18,2013-05-21,17.523076923076925
Lindsay Arnold,16,Professional,2013-03-18,2013-05-21,7.7846153846153845
Mark Ballas,16,Professional,2013-03-18,2013-05-21,20.384615384615383
Peta Murgatroyd,16,Professional,2013-03-18,2013-05-21,26.0
Sharna Burgess,16,Professional,2013-03-18,2013-05-21,
Tony Dovolani,16,Professional,2013-03-18,2013-05-21,
Tristan MacManus,16,Professional,2013-03-18,2013-05-21,
Valentin Chmerkovskiy,16,Professional,2013-03-18,2013-05-21,
Amber Riley,17,Celebrity,2013-09-16,2013-11-26,11.069444444444445
Bill Engvall,17,Celebrity,2013-09-16,2013-11-26,11.791666666666666
Bill Nye,17,Celebrity,2013-09-16,2013-11-26,10.777777777777779
Brant Daugherty,17,Celebrity,2013-09-16,2013-11-26,6.333333333333333
Christina Milian,17,Celebrity,2013-09-16,2013-11-26,8.069444444444445
Corbin Bleu,17,Celebrity,2013-09-16,2013-11-26,17.5
Elizabeth Berkley Lauren,17,Celebrity,2013-09-16,2013-11-26,5.513888888888889
Jack Osbourne,17,Celebrity,2013-09-16,2013-11-26,13.819444444444445
Keyshawn Johnson,17,Celebrity,2013-09-16,2013-11-26,8.097222222222221
Leah Remini,17,Celebrity,2013-09-16,2013-11-26,
"Nicole ""Snooki"" Polizzi",17,Celebrity,2013-09-16,2013-11-26,
Valerie Harper,17,Celebrity,2013-09-16,2013-11-26,6.666666666666667
Cheryl Burke,17,Professional,2013-09-16,2013-11-26,
Derek Hough,17,Professional,2013-09-16,2013-11-26,
Emma Slater,17,Professional,2013-09-16,2013-11-26,
Karina Smirnoff,17,Professional,2013-09-16,2013-11-26,
Mark Ballas,17,Professional,2013-09-16,2013-11-26,
Peta Murgatroyd,17,Professional,2013-09-16,2013-11-26,
Sasha Farber,17,Professional,2013-09-16,2013-11-26,5.486111111111111
Sharna Burgess,17,Professional,2013-09-16,2013-11-26,4.902777777777778
Tony Dovolani,17,Professional,2013-09-16,2013-11-26,7.652777777777778
Tristan MacManus,17,Professional,2013-09-16,2013-11-26,6.458333333333333
Tyne Stecklein,17,Professional,2013-09-16,2013-11-26,6.722222222222222
Valentin Chmerkovskiy,17,Professional,2013-09-16,2013-11-26,10.416666666666666
Amy Purdy,18,Celebrity,2014-03-17,2014-05-20,15.184615384615384
Billy Dee Williams,18,Celebrity,2014-03-17,2014-05-20,7.3076923076923075
Candace Cameron Bure,18,Celebrity,2014-03-17,2014-05-20,12.03076923076923
Charlie White,18,Celebrity,2014-03-17,2014-05-20,18.753846153846155
Cody Simpson,18,Celebrity,2014-03-17,2014-05-20,15.523076923076923
Danica McKellar,18,Celebrity,2014-03-17,2014-05-20,
Diana Nyad,18,Celebrity,2014-03-17,2014-05-20,4.676923076923077
Drew Carey,18,Celebrity,2014-03-17,2014-05-20,10.169230769230769
James Maslow,18,Celebrity,2014-03-17,2014-05-20,
Meryl Davis,18,Celebrity,2014-03-17,2014-05-20,13.738461538461538
NeNe Leakes,18,Celebrity,2014-03-17,2014-05-20,31.907692307692308
Sean Avery,18,Celebrity,2014-03-17,2014-05-20,4.430769230769231
Cheryl Burke,18,Professional,2014-03-17,2014-05-20,16.0
Derek Hough,18,Professional,2014-03-17,2014-05-20,17.415384615384614
Emma Slater,18,Professional,2014-03-17,2014-05-20,6.492307692307692
Henry Byalikov,18,Professional,2014-03-17,2014-05-20,3.3846153846153846
Karina Smirnoff,18,Professional,2014-03-17,2014-05-20,10.646153846153846
Maksim Chmerkoskiy,18,Professional,2014-03-17,2014-05-20,0.0
Mark Ballas,18,Professional,2014-03-17,2014-05-20,9.846153846153847
Peta Murgatroyd,18,Professional,2014-03-17,2014-05-20,16.16923076923077
Sharna Burgess,18,Professional,2014-03-17,2014-05-20,12.03076923076923
Tony Dovolani,18,Professional,2014-03-17,2014-05-20,10.107692307692307
Valentin Chmerkovskiy,18,Professional,2014-03-17,2014-05-20,11.03076923076923
Witney Carson,18,Professional,2014-03-17,2014-05-20,6.676923076923077
Alfonso Ribeiro,19,Celebrity,2014-09-15,2014-11-25,12.11111111111111
Antonio Sabato Jr.,19,Celebrity,2014-09-15,2014-11-25,
Bethany Mota,19,Celebrity,2014-09-15,2014-11-25,
Betsey Johnson,19,Celebrity,2014-09-15,2014-11-25,13.375
Janel Parrish,19,Celebrity,2014-09-15,2014-11-25,18.22222222222222
Jonathan Bennett,19,Celebrity,2014-09-15,2014-11-25,
Lea Thompson,19,Celebrity,2014-09-15,2014-11-25,10.25
Lolo Jones,19,Celebrity,2014-09-15,2014-11-25,5.027777777777778
Michael Waltrip,19,Celebrity,2014-09-15,2014-11-25,10.472222222222221
Randy Couture,19,Celebrity,2014-09-15,2014-11-25,
Sadie Robertson,19,Celebrity,2014-09-15,2014-11-25,20.59722222222222
Tavis Smiley,19,Celebrity,2014-09-15,2014-11-25,6.833333333333333
Tommy Chong,19,Celebrity,2014-09-15,2014-11-25,9.416666666666666
Allison Holker,19,Professional,2014-09-15,2014-11-25,16.916666666666668
Artem Chigvintsev,19,Professional,2014-09-15,2014-11-25,12.541666666666666
Cheryl Burke,19,Professional,2014-09-15,2014-11-25,7.791666666666667
Derek Hough,19,Professional,2014-09-15,2014-11-25,
Emma Slater,19,Professional,2014-09-15,2014-11-25,9.416666666666666
Karina Smirnoff,19,Professional,2014-09-15,2014-11-25,
Keo Motsepe,19,Professional,2014-09-15,2014-11-25,2.8055555555555554
Mark Ballas,19,Professional,2014-09-15,2014-11-25,19.5
Peta Murgatroyd,19,Professional,2014-09-15,2014-11-25,13.958333333333334
Sharna Burgess,19,Professional,2014-09-15,2014-11-25,5.513888888888889
Tony Dovolani,19,Professional,2014-09-15,2014-11-25,6.402777777777778
Valentin Chmerkovskiy,19,Professional,2014-09-15,2014-11-25,
Witney Carson,19,Professional,2014-09-15,2014-11-25,19.09722222222222
Charlotte McKinney,20,Celebrity,2015-03-16,2015-05-19,14.23076923076923
Chris Soules,20,Celebrity,2015-03-16,2015-05-19,
Michael Sam,20,Celebrity,2015-03-16,2015-05-19,18.307692307692307
Nastia Liukin,20,Celebrity,2015-03-16,2015-05-19,
Noah Galloway,20,Celebrity,2015-03-16,2015-05-19,
Patti LaBelle,20,Celebrity,2015-03-16,2015-05-19,9.430769230769231
Redfoo,20,Celebrity,2015-03-16,2015-05-19,4.461538461538462
Riker Lynch,20,Celebrity,2015-03-16,2015-05-19,17.861538461538462
Robert Herjavec,20,Celebrity,2015-03-16,2015-05-19,20.29230769230769
Rumer Willis,20,Celebrity,2015-03-16,2015-05-19,16.6
Suzanne Somers,20,Celebrity,2015-03-16,2015-05-19,9.123076923076923
Willow Shields,20,Celebrity,2015-03-16,2015-05-19,9.907692307692308
Allison Holker,20,Professional,2015-03-16,2015-05-19,23.16923076923077
Artem Chigvintsev,20,Professional,2015-03-16,2015-05-19,12.461538461538462
Derek Hough,20,Professional,2015-03-16,2015-05-19,20.73846153846154
Emma Slater,20,Professional,2015-03-16,2015-05-19,6.538461538461538
Keo Motsepe,20,Professional,2015-03-16,2015-05-19,
Kym Johnson,20,Professional,2015-03-16,2015-05-19,16.246153846153845
Mark Ballas,20,Professional,2015-03-16,2015-05-19,19.723076923076924
Peta Murgatroyd,20,Professional,2015-03-16,2015-05-19,
Sharna Burgess,20,Professional,2015-03-16,2015-05-19,18.70769230769231
Tony Dovolani,20,Professional,2015-03-16,2015-05-19,8.738461538461538
Valentin Chmerkovskiy,20,Professional,2015-03-16,2015-05-19,8.23076923076923
Witney Carson,20,Professional,2015-03-16,2015-05-19,
Alek Skarlatos,21,Celebrity,2015-09-14,2015-11-24,
Alexa PenaVega,21,Celebrity,2015-09-14,2015-11-24,13.51388888888889
Andy Grammer,21,Celebrity,2015-09-14,2015-11-24,
Bindi Irwin,21,Celebrity,2015-09-14,2015-11-24,19.180555555555557
Carlos PenaVega,21,Celebrity,2015-09-14,2015-11-24,
Chaka Khan,21,Celebrity,2015-09-14,2015-11-24,
Gary Busey,21,Celebrity,2015-09-14,2015-11-24,6.430555555555555
Hayes Grier,21,Celebrity,2015-09-14,2015-11-24,
Kim Zolciak-Biermann,21,Celebrity,2015-09-14,2015-11-24,
Nick Carter,21,Celebrity,2015-09-14,2015-11-24,10.805555555555555
Paula Deen,21,Celebrity,2015-09-14,2015-11-24,26.569444444444443
Tamar Braxton,21,Celebrity,2015-09-14,2015-11-24,
Victor Espinoza,21,Celebrity,2015-09-14,2015-11-24,5.236111111111111
Allison Holker,21,Professional,2015-09-14,2015-11-24,6.180555555555555
Anna Trebunskaya,21,Professional,2015-09-14,2015-11-24,4.319444444444445
Derek Hough,21,Professional,2015-09-14,2015-11-24,16.02777777777778
Emma Slater,21,Professional,2015-09-14,2015-11-24,6.513888888888889
Karina Smirnoff,21,Professional,2015-09-14,2015-11-24,6.583333333333333
Keo Motsepe,21,Professional,2015-09-14,2015-11-24,4.208333333333333
Lindsay Arnold,21,Professional,2015-09-14,2015-11-24,16.84722222222222
Louis van Amstel,21,Professional,2015-09-14,2015-11-24,4.708333333333333
Mark Ballas,21,Professional,2015-09-14,2015-11-24,9.305555555555555
Sharna Burgess,21,Professional,2015-09-14,2015-11-24,11.38888888888889
Tony Dovolani,21,Professional,2015-09-14,2015-11-24,4.527777777777778
Valentin Chmerkovskiy,21,Professional,2015-09-14,2015-11-24,8.333333333333334
Witney Carson,21,Professional,2015-09-14,2015-11-24,11.527777777777779
Antonio Brown,22,Celebrity,2016-03-21,2016-05-24,
Doug Flutie,22,Celebrity,2016-03-21,2016-05-24,8.092307692307692
Geraldo Rivera,22,Celebrity,2016-03-21,2016-05-24,7.969230769230769
Ginger Zee,22,Celebrity,2016-03-21,2016-05-24,
Jodie Sweetin,22,Celebrity,2016-03-21,2016-05-24,17.43076923076923
Kim Fields,22,Celebrity,2016-03-21,2016-05-24,11.430769230769231
Marla Maples,22,Celebrity,2016-03-21,2016-05-24,
Mischa Barton,22,Celebrity,2016-03-21,2016-05-24,8.215384615384615
Nyle DiMarco,22,Celebrity,2016-03-21,2016-05-24,17.615384615384617
Paige VanZant,22,Celebrity,2016-03-21,2016-05-24,19.307692307692307
Von Miller,22,Celebrity,2016-03-21,2016-05-24,18.553846153846155
Wanya Morris,22,Celebrity,2016-03-21,2016-05-24,5.615384615384615
Artem Chigvintsev,22,Professional,2016-03-21,2016-05-24,11.446153846153846
Edyta Sliwinska,22,Professional,2016-03-21,2016-05-24,3.830769230769231
Karina Smirnoff,22,Professional,2016-03-21,2016-05-24,8.338461538461539
Keo Motsepe,22,Professional,2016-03-21,2016-05-24,11.246153846153845
Lindsay Arnold,22,Professional,2016-03-21,2016-05-24,11.815384615384616
Mark Ballas,22,Professional,2016-03-21,2016-05-24,6.969230769230769
Peta Murgatroyd,22,Professional,2016-03-21,2016-05-24,14.446153846153846
Sasha Farber,22,Professional,2016-03-21,2016-05-24,9.138461538461538
Sharna Burgess,22,Professional,2016-03-21,2016-05-24,5.4
Tony Dovolani,22,Professional,2016-03-21,2016-05-24,4.507692307692308
Valentin Chmerkovskiy,22,Professional,2016-03-21,2016-05-24,4.3076923076923075
Witney Carson,22,Professional,2016-03-21,2016-05-24,11.615384615384615
Amber Rose,23,Celebrity,2016-09-12,2016-11-22,17.76388888888889
Babyface,23,Celebrity,2016-09-12,2016-11-22,8.402777777777779
Calvin Johnson Jr.,23,Celebrity,2016-09-12,2016-11-22,0.0
Jake T. Austin,23,Celebrity,2016-09-12,2016-11-22,2.5833333333333335
James Hinchcliffe,23,Celebrity,2016-09-12,2016-11-22,11.152777777777779
Jana Kramer,23,Celebrity,2016-09-12,2016-11-22,
Laurie Hernandez,23,Celebrity,2016-09-12,2016-11-22,
Marilu Henner,23,Celebrity,2016-09-12,2016-11-22,11.555555555555555
Maureen McCormick,23,Celebrity,2016-09-12,2016-11-22,
Rick Perry,23,Celebrity,2016-09-12,2016-11-22,7.819444444444445
Ryan Lochte,23,Celebrity,2016-09-12,2016-11-22,3.0555555555555554
Terra Jole,23,Celebrity,2016-09-12,2016-11-22,14.916666666666666
Vanilla Ice,23,Celebrity,2016-09-12,2016-11-22,13.027777777777779
Allison Holker,23,Professional,2016-09-12,2016-11-22,6.611111111111111
Artem Chigvintsev,23,Professional,2016-09-12,2016-11-22,7.194444444444445
Cheryl Burke,23,Professional,2016-09-12,2016-11-22,6.680555555555555
Derek Hough,23,Professional,2016-09-12,2016-11-22,24.51388888888889
Emma Slater,23,Professional,2016-09-12,2016-11-22,3.3055555555555554
Gleb Savchenko,23,Professional,2016-09-12,2016-11-22,11.347222222222221
Jenna Johnson,23,Professional,2016-09-12,2016-11-22,11.291666666666666
Lindsay Arnold,23,Professional,2016-09-12,2016-11-22,11.472222222222221
Maksim Chmerkoskiy,23,Professional,2016-09-12,2016-11-22,
Sasha Farber,23,Professional,2016-09-12,2016-11-22,
Sharna Burgess,23,Professional,2016-09-12,2016-11-22,19.15277777777778
Valentin Chmerkovskiy,23,Professional,2016-09-12,2016-11-22,12.722222222222221
Witney Carson,23,Professional,2016-09-12,2016-11-22,
Bonner Bolton,24,Celebrity,2017-03-20,2017-05-23,
Charo,24,Celebrity,2017-03-20,2017-05-23,4.046153846153846
Chris Kattan,24,Celebrity,2017-03-20,2017-05-23,4.015384615384615
David Ross,24,Celebrity,2017-03-20,2017-05-23,14.092307692307692
Erika Jayne,24,Celebrity,2017-03-20,2017-05-23,12.63076923076923
Heather Morris,24,Celebrity,2017-03-20,2017-05-23,8.123076923076923
Mr. T,24,Celebrity,2017-03-20,2017-05-23,6.107692307692307
Nancy Kerrigan,24,Celebrity,2017-03-20,2017-05-23,
Nick Viall,24,Celebrity,2017-03-20,2017-05-23,18.892307692307693
Normani,24,Celebrity,2017-03-20,2017-05-23,11.046153846153846
Rashad Jennings,24,Celebrity,2017-03-20,2017-05-23,9.892307692307693
Simone Biles,24,Celebrity,2017-03-20,2017-05-23,15.446153846153846
Artem Chigvintsev,24,Professional,2017-03-20,2017-05-23,3.9076923076923076
Emma Slater,24,Professional,2017-03-20,2017-05-23,19.015384615384615
Gleb Savchenko,24,Professional,2017-03-20,2017-05-23,3.9846153846153847
Keo Motsepe,24,Professional,2017-03-20,2017-05-23,3.6923076923076925
Kym Herjavec,24,Professional,2017-03-20,2017-05-23,6.476923076923077
Lindsay Arnold,24,Professional,2017-03-20,2017-05-23,8.753846153846155
Maksim Chmerkoskiy,24,Professional,2017-03-20,2017-05-23,0.0
Peta Murgatroyd,24,Professional,2017-03-20,2017-05-23,7.2153846153846155
Sasha Farber,24,Professional,2017-03-20,2017-05-23,12.846153846153847
Sharna Burgess,24,Professional,2017-03-20,2017-05-23,8.646153846153846
Valentin Chmerkovskiy,24,Professional,2017-03-20,2017-05-23,9.507692307692308
Witney Carson,24,Professional,2017-03-20,2017-05-23,8.430769230769231
Barbara Corcoran,25,Celebrity,2017-09-18,2017-11-21,4.8
Debbie Gibson,25,Celebrity,2017-09-18,2017-11-21,6.338461538461538
Derek Fisher,25,Celebrity,2017-09-18,2017-11-21,7.138461538461539
Drew Scott,25,Celebrity,2017-09-18,2017-11-21,22.092307692307692
Frankie Muniz,25,Celebrity,2017-09-18,2017-11-21,8.046153846153846
Jordan Fisher,25,Celebrity,2017-09-18,2017-11-21,15.615384615384615
Lindsey Stirling,25,Celebrity,2017-09-18,2017-11-21,23.46153846153846
Nick Lachey,25,Celebrity,2017-09-18,2017-11-21,12.36923076923077
Nikki Bella,25,Celebrity,2017-09-18,2017-11-21,25.876923076923077
Sasha Pieterse,25,Celebrity,2017-09-18,2017-11-21,9.938461538461539
Terrell Owens,25,Celebrity,2017-09-18,2017-11-21,17.50769230769231
Vanessa Lachey,25,Celebrity,2017-09-18,2017-11-21,12.723076923076922
Victoria Arlen,25,Celebrity,2017-09-18,2017-11-21,9.384615384615385
Alan Bersten,25,Professional,2017-09-18,2017-11-21,5.846153846153846
Artem Chigvintsev,25,Professional,2017-09-18,2017-11-21,12.23076923076923
Cheryl Burke,25,Professional,2017-09-18,2017-11-21,15.261538461538462
Emma Slater,25,Professional,2017-09-18,2017-11-21,12.784615384615385
Gleb Savchenko,25,Professional,2017-09-18,2017-11-21,6.092307692307692
Keo Motsepe,25,Professional,2017-09-18,2017-11-21,3.6153846153846154
Lindsay Arnold,25,Professional,2017-09-18,2017-11-21,12.907692307692308
Maksim Chmerkoskiy,25,Professional,2017-09-18,2017-11-21,0.0
Mark Ballas,25,Professional,2017-09-18,2017-11-21,11.76923076923077
Peta Murgatroyd,25,Professional,2017-09-18,2017-11-21,12.830769230769231
Sharna Burgess,25,Professional,2017-09-18,2017-11-21,13.63076923076923
Valentin Chmerkovskiy,25,Professional,2017-09-18,2017-11-21,4.030769230769231
Witney Carson,25,Professional,2017-09-18,2017-11-21,9.63076923076923
Adam Rippon,26,Celebrity,2018-04-30,2018-05-21,22.772727272727273
Arike Ogunbowale,26,Celebrity,2018-04-30,2018-05-21,10.272727272727273
Chris Mazdzer,26,Celebrity,2018-04-30,2018-05-21,19.318181818181817
Jamie Anderson,26,Celebrity,2018-04-30,2018-05-21,7.7272727272727275
Jennie Finch Daigle,26,Celebrity,2018-04-30,2018-05-21,11.818181818181818
Johnny Damon,26,Celebrity,2018-04-30,2018-05-21,8.727272727272727
Josh Norman,26,Celebrity,2018-04-30,2018-05-21,18.545454545454547
Kareem Abdul-Jabbar,26,Celebrity,2018-04-30,2018-05-21,15.318181818181818
Mirai Nagasu,26,Celebrity,2018-04-30,2018-05-21,18.318181818181817
Tonya Harding,26,Celebrity,2018-04-30,2018-05-21,16.90909090909091
Alan Bersten,26,Professional,2018-04-30,2018-05-21,12.681818181818182
Artem Chigvintsev,26,Professional,2018-04-30,2018-05-21,4.545454545454546
Emma Slater,26,Professional,2018-04-30,2018-05-21,9.045454545454545
Gleb Savchenko,26,Professional,2018-04-30,2018-05-21,12.772727272727273
Jenna Johnson,26,Professional,2018-04-30,2018-05-21,15.909090909090908
Keo Motsepe,26,Professional,2018-04-30,2018-05-21,10.272727272727273
Lindsay Arnold,26,Professional,2018-04-30,2018-05-21,13.0
Sasha Farber,26,Professional,2018-04-30,2018-05-21,12.363636363636363
Sharna Burgess,26,Professional,2018-04-30,2018-05-21,18.636363636363637
Witney Carson,26,Professional,2018-04-30,2018-05-21,19.181818181818183
Alexis Ren,27,Celebrity,2018-09-24,2018-11-19,
Bobby Bones,27,Celebrity,2018-09-24,2018-11-19,17.87719298245614
Danelle Umstead,27,Celebrity,2018-09-24,2018-11-19,6.859649122807017
DeMarcus Ware,27,Celebrity,2018-09-24,2018-11-19,11.771929824561404
Evanna Lynch,27,Celebrity,2018-09-24,2018-11-19,16.666666666666668
Joe Amabile,27,Celebrity,2018-09-24,2018-11-19,16.017543859649123
John Schneider,27,Celebrity,2018-09-24,2018-11-19,8.491228070175438
Juan Pablo Di Pace,27,Celebrity,2018-09-24,2018-11-19,13.719298245614034
Mary Lou Retton,27,Celebrity,2018-09-24,2018-11-19,9.140350877192983
Milo Manheim,27,Celebrity,2018-09-24,2018-11-19,18.403508771929825
Nancy McKeon,27,Celebrity,2018-09-24,2018-11-19,7.473684210526316
Nikki Glaser,27,Celebrity,2018-09-24,2018-11-19,11.491228070175438
Tinashe,27,Celebrity,2018-09-24,2018-11-19,21.50877192982456
Alan Bersten,27,Professional,2018-09-24,2018-11-19,9.070175438596491
Artem Chigvintsev,27,Professional,2018-09-24,2018-11-19,7.649122807017544
Brandon Armstrong,27,Professional,2018-09-24,2018-11-19,6.964912280701754
Cheryl Burke,27,Professional,2018-09-24,2018-11-19,7.0701754385964914
Emma Slater,27,Professional,2018-09-24,2018-11-19,13.263157894736842
Gleb Savchenko,27,Professional,2018-09-24,2018-11-19,9.87719298245614
Jenna Johnson,27,Professional,2018-09-24,2018-11-19,14.56140350877193
Keo Motsepe,27,Professional,2018-09-24,2018-11-19,11.157894736842104
Lindsay Arnold,27,Professional,2018-09-24,2018-11-19,16.105263157894736
Sasha Farber,27,Professional,2018-09-24,2018-11-19,10.789473684210526
Sharna Burgess,27,Professional,2018-09-24,2018-11-19,22.17543859649123
Valentin Chmerkovskiy,27,Professional,2018-09-24,2018-11-19,3.8947368421052633
Witney Carson,27,Professional,2018-09-24,2018-11-19,18.736842105263158
Ally Brooke,28,Celebrity,2019-09-16,2019-11-25,15.028169014084508
Hannah Brown,28,Celebrity,2019-09-16,2019-11-25,21.619718309859156
James Van Der Beek,28,Celebrity,2019-09-16,2019-11-25,5.070422535211268
Karamo Brown,28,Celebrity,2019-09-16,2019-11-25,14.76056338028169
Kate Flannery,28,Celebrity,2019-09-16,2019-11-25,12.140845070422536
Kel Mitchell,28,Celebrity,2019-09-16,2019-11-25,11.47887323943662
Lamar Odom,28,Celebrity,2019-09-16,2019-11-25,12.295774647887324
Lauren Alaina,28,Celebrity,2019-09-16,2019-11-25,
Mary Wilson,28,Celebrity,2019-09-16,2019-11-25,5.873239436619718
Ray Lewis,28,Celebrity,2019-09-16,2019-11-25,11.464788732394366
Sailor Brinkley-Cook,28,Celebrity,2019-09-16,2019-11-25,5.211267605633803
Sean Spicer,28,Celebrity,2019-09-16,2019-11-25,10.450704225352112
Alan Bersten,28,Professional,2019-09-16,2019-11-25,12.183098591549296
Brandon Armstrong,28,Professional,2019-09-16,2019-11-25,3.084507042253521
Cheryl Burke,28,Professional,2019-09-16,2019-11-25,7.323943661971831
Emma Slater,28,Professional,2019-09-16,2019-11-25,
Gleb Savchenko,28,Professional,2019-09-16,2019-11-25,7.549295774647887
Jenna Johnson,28,Professional,2019-09-16,2019-11-25,10.845070422535212
Lindsay Arnold,28,Professional,2019-09-16,2019-11-25,5.211267605633803
Pasha Pashkov,28,Professional,2019-09-16,2019-11-25,4.647887323943662
Peta Murgatroyd,28,Professional,2019-09-16,2019-11-25,6.633802816901408
Sasha Farber,28,Professional,2019-09-16,2019-11-25,7.169014084507042
Valentin Chmerkovskiy,28,Professional,2019-09-16,2019-11-25,1.408450704225352
Witney Carson,28,Professional,2019-09-16,2019-11-25,19.253521126760564
AJ McLean,29,Celebrity,2020-09-14,2020-11-23,16.422535211267604
Anne Heche,29,Celebrity,2020-09-14,2020-11-23,8.183098591549296
Carole Baskin,29,Celebrity,2020-09-14,2020-11-23,8.816901408450704
Charles Oakley,29,Celebrity,2020-09-14,2020-11-23,4.535211267605634
Chrishell Stause,29,Celebrity,2020-09-14,2020-11-23,11.014084507042254
Jeannie Mai,29,Celebrity,2020-09-14,2020-11-23,8.28169014084507
Jesse Metcalfe,29,Celebrity,2020-09-14,2020-11-23,9.23943661971831
Johnny Weir,29,Celebrity,2020-09-14,2020-11-23,13.985915492957746
Justina Machado,29,Celebrity,2020-09-14,2020-11-23,13.352112676056338
Kaitlyn Bristowe,29,Celebrity,2020-09-14,2020-11-23,14.845070422535212
Monica Aldama,29,Celebrity,2020-09-14,2020-11-23,9.732394366197184
Nelly,29,Celebrity,2020-09-14,2020-11-23,24.760563380281692
Nev Schulman,29,Celebrity,2020-09-14,2020-11-23,17.140845070422536
Skai Jackson,29,Celebrity,2020-09-14,2020-11-23,11.408450704225352
Veron Davis,29,Celebrity,2020-09-14,2020-11-23,1.408450704225352
Alan Bersten,29,Professional,2020-09-14,2020-11-23,8.309859154929578
Artem Chigvintsev,29,Professional,2020-09-14,2020-11-23,20.6056338028169
Brandon Armstrong,29,Professional,2020-09-14,2020-11-23,8.154929577464788
Britt Stewart,29,Professional,2020-09-14,2020-11-23,6.661971830985915
Cheryl Burke,29,Professional,2020-09-14,2020-11-23,14.915492957746478
Daniella Karagach,29,Professional,2020-09-14,2020-11-23,13.23943661971831
Emma Slater,29,Professional,2020-09-14,2020-11-23,5.535211267605634
Gleb Savchenko,29,Professional,2020-09-14,2020-11-23,10.014084507042254
Jenna Johnson,29,Professional,2020-09-14,2020-11-23,11.605633802816902
Keo Motsepe,29,Professional,2020-09-14,2020-11-23,4.253521126760563
Pasha Pashkov,29,Professional,2020-09-14,2020-11-23,6.859154929577465
Peta Murgatroyd,29,Professional,2020-09-14,2020-11-23,6.661971830985915
Sasha Farber,29,Professional,2020-09-14,2020-11-23,7.816901408450704
Sharna Burgess,29,Professional,2020-09-14,2020-11-23,7.71830985915493
Valentin Chmerkovskiy,29,Professional,2020-09-14,2020-11-23,4.028169014084507
Amanda Kloots,30,Celebrity,2021-09-20,2021-11-22,11.734375
Brian Austin Green,30,Celebrity,2021-09-20,2021-11-22,9.734375
Christine Chiu,30,Celebrity,2021-09-20,2021-11-22,5.859375
Cody Rigsby,30,Celebrity,2021-09-20,2021-11-22,11.859375
Iman Shumpert,30,Celebrity,2021-09-20,2021-11-22,14.796875
Jimmie Allen,30,Celebrity,2021-09-20,2021-11-22,9.921875
JoJo Siwa,30,Celebrity,2021-09-20,2021-11-22,30.078125
Kenya Moore,30,Celebrity,2021-09-20,2021-11-22,19.953125
Martin Kove,30,Celebrity,2021-09-20,2021-11-22,4.140625
Matt James,30,Celebrity,2021-09-20,2021-11-22,20.515625
Melanie C,30,Celebrity,2021-09-20,2021-11-22,8.578125
Melora Hardin,30,Celebrity,2021-09-20,2021-11-22,14.203125
"Mike ""The Miz"" Mizanin",30,Celebrity,2021-09-20,2021-11-22,0.0
Olivia Jade,30,Celebrity,2021-09-20,2021-11-22,9.0
Suni Lee,30,Celebrity,2021-09-20,2021-11-22,17.25
Alan Bersten,30,Professional,2021-09-20,2021-11-22,12.515625
Artem Chigvintsev,30,Professional,2021-09-20,2021-11-22,14.0
Brandon Armstrong,30,Professional,2021-09-20,2021-11-22,9.40625
Britt Stewart,30,Professional,2021-09-20,2021-11-22,2.8125
Cheryl Burke,30,Professional,2021-09-20,2021-11-22,9.484375
Daniella Karagach,30,Professional,2021-09-20,2021-11-22,10.578125
Emma Slater,30,Professional,2021-09-20,2021-11-22,9.625
Gleb Savchenko,30,Professional,2021-09-20,2021-11-22,
Jenna Johnson,30,Professional,2021-09-20,2021-11-22,12.15625
Lindsay Arnold,30,Professional,2021-09-20,2021-11-22,12.765625
Pasha Pashkov,30,Professional,2021-09-20,2021-11-22,5.65625
Sasha Farber,30,Professional,2021-09-20,2021-11-22,9.171875
Sharna Burgess,30,Professional,2021-09-20,2021-11-22,8.53125
Valentin Chmerkovskiy,30,Professional,2021-09-20,2021-11-22,9.921875
Witney Carson,30,Professional,2021-09-20,2021-11-22,10.59375
Charli D'Amelio,31,Celebrity,2022-09-19,2022-11-21,44.921875
Cheryl Ladd,31,Celebrity,2022-09-19,2022-11-21,
Daniel Durant,31,Celebrity,2022-09-19,2022-11-21,16.0
Gabby Windey,31,Celebrity,2022-09-19,2022-11-21,17.28125
Heidi D'Amelio,31,Celebrity,2022-09-19,2022-11-21,17.625
Jason Lewis,31,Celebrity,2022-09-19,2022-11-21,7.15625
Jessie James Decker,31,Celebrity,2022-09-19,2022-11-21,
Jordin Sparks,31,Celebrity,2022-09-19,2022-11-21,
Joseph Baena,31,Celebrity,2022-09-19,2022-11-21,16.21875
Sam Champion,31,Celebrity,2022-09-19,2022-11-21,9.421875
Selma Blair,31,Celebrity,2022-09-19,2022-11-21,11.25
Shangela,31,Celebrity,2022-09-19,2022-11-21,24.375
Teresa Giudice,31,Celebrity,2022-09-19,2022-11-21,23.6875
Trevor Donovan,31,Celebrity,2022-09-19,2022-11-21,17.671875
Vinny Guadagnino,31,Celebrity,2022-09-19,2022-11-21,38.53125
Wayne Brady,31,Celebrity,2022-09-19,2022-11-21,25.234375
Alan Bersten,31,Professional,2022-09-19,2022-11-21,16.53125
Artem Chigvintsev,31,Professional,2022-09-19,2022-11-21,18.59375
Brandon Armstrong,31,Professional,2022-09-19,2022-11-21,
Britt Stewart,31,Professional,2022-09-19,2022-11-21,8.046875
Cheryl Burke,31,Professional,2022-09-19,2022-11-21,24.859375
Daniella Karagach,31,Professional,2022-09-19,2022-11-21,12.90625
Emma Slater,31,Professional,2022-09-19,2022-11-21,15.1875
Gleb Savchenko,31,Professional,2022-09-19,2022-11-21,17.828125
Koko Iwasaki,31,Professional,2022-09-19,2022-11-21,6.640625
Louis van Amstel,31,Professional,2022-09-19,2022-11-21,4.9375
Mark Ballas,31,Professional,2022-09-19,2022-11-21,18.3125
Pasha Pashkov,31,Professional,2022-09-19,2022-11-21,5.921875
Peta Murgatroyd,31,Professional,2022-09-19,2022-11-21,5.09375
Sasha Farber,31,Professional,2022-09-19,2022-11-21,13.59375
Valentin Chmerkovskiy,31,Professional,2022-09-19,2022-11-21,2.859375
Witney Carson,31,Professional,2022-09-19,2022-11-21,
Adrian Peterson,32,Celebrity,2023-09-26,2023-12-05,11.76056338028169
Alyson Hannigan,32,Celebrity,2023-09-26,2023-12-05,15.95774647887324
Ariana Madix,32,Celebrity,2023-09-26,2023-12-05,13.845070422535212
Barry Williams,32,Celebrity,2023-09-26,2023-12-05,9.619718309859154
Charity Lawson,32,Celebrity,2023-09-26,2023-12-05,17.225352112676056
Harry Jowsey,32,Celebrity,2023-09-26,2023-12-05,17.225352112676056
Jamie Lynn Spears,32,Celebrity,2023-09-26,2023-12-05,15.112676056338028
Jason Mraz,32,Celebrity,2023-09-26,2023-12-05,18.408450704225352
Lele Pons,32,Celebrity,2023-09-26,2023-12-05,15.704225352112676
Matt Walsh,32,Celebrity,2023-09-26,2023-12-05,9.014084507042254
Mauricio Umansky,32,Celebrity,2023-09-26,2023-12-05,12.408450704225352
Mira Sorvino,32,Celebrity,2023-09-26,2023-12-05,9.126760563380282
Tyson Beckford,32,Celebrity,2023-09-26,2023-12-05,7.028169014084507
Xochitl Gomez,32,Celebrity,2023-09-26,2023-12-05,12.549295774647888
Alan Bersten,32,Professional,2023-09-26,2023-12-05,9.140845070422536
Artem Chigvintsev,32,Professional,2023-09-26,2023-12-05,13.929577464788732
Brandon Armstrong,32,Professional,2023-09-26,2023-12-05,9.816901408450704
Britt Stewart,32,Professional,2023-09-26,2023-12-05,5.253521126760563
Daniella Karagach,32,Professional,2023-09-26,2023-12-05,10.380281690140846
Emma Slater,32,Professional,2023-09-26,2023-12-05,11.492957746478874
Gleb Savchenko,32,Professional,2023-09-26,2023-12-05,11.887323943661972
Jenna Johnson,32,Professional,2023-09-26,2023-12-05,11.112676056338028
Koko Iwasaki,32,Professional,2023-09-26,2023-12-05,2.183098591549296
Pasha Pashkov,32,Professional,2023-09-26,2023-12-05,8.80281690140845
Peta Murgatroyd,32,Professional,2023-09-26,2023-12-05,10.76056338028169
Rylee Arnold,32,Professional,2023-09-26,2023-12-05,19.211267605633804
Sasha Farber,32,Professional,2023-09-26,2023-12-05,13.450704225352112
Valentin Chmerkovskiy,32,Professional,2023-09-26,2023-12-05,7.985915492957746
Anna Delvey,33,Celebrity,2024-09-17,2024-11-26,8.746478873239436
Brooks Nader,33,Celebrity,2024-09-17,2024-11-26,11.056338028169014
Chandler Kinney,33,Celebrity,2024-09-17,2024-11-26,13.859154929577464
Danny Amendola,33,Celebrity,2024-09-17,2024-11-26,14.845070422535212
Dwight Howard,33,Celebrity,2024-09-17,2024-11-26,0.0
Eric Roberts,33,Celebrity,2024-09-17,2024-11-26,7.23943661971831
Ilona Maher,33,Celebrity,2024-09-17,2024-11-26,21.014084507042252
Jenn Tran,33,Celebrity,2024-09-17,2024-11-26,28.760563380281692
Joey Graziadei,33,Celebrity,2024-09-17,2024-11-26,23.690140845070424
Phaedra Parks,33,Celebrity,2024-09-17,2024-11-26,12.43661971830986
Reginald VelJohnson,33,Celebrity,2024-09-17,2024-11-26,10.211267605633802
Stephen Nedoroscik,33,Celebrity,2024-09-17,2024-11-26,14.28169014084507
Tori Spelling,33,Celebrity,2024-09-17,2024-11-26,7.464788732394366
Alan Bersten,33,Professional,2024-09-17,2024-11-26,19.014084507042252
Brandon Armstrong,33,Professional,2024-09-17,2024-11-26,11.309859154929578
Britt Stewart,33,Professional,2024-09-17,2024-11-26,11.746478873239436
Daniella Karagach,33,Professional,2024-09-17,2024-11-26,16.845070422535212
Emma Slater,33,Professional,2024-09-17,2024-11-26,19.380281690140844
Ezra Sosa,33,Professional,2024-09-17,2024-11-26,17.774647887323944
Gleb Savchenko,33,Professional,2024-09-17,2024-11-26,11.19718309859155
Jenna Johnson,33,Professional,2024-09-17,2024-11-26,26.056338028169016
Pasha Pashkov,33,Professional,2024-09-17,2024-11-26,11.56338028169014
Rylee Arnold,33,Professional,2024-09-17,2024-11-26,20.056338028169016
Sasha Farber,33,Professional,2024-09-17,2024-11-26,15.126760563380282
Val Chmerkovskiy,33,Professional,2024-09-17,2024-11-26,14.52112676056338
Witney Carson,33,Professional,2024-09-17,2024-11-26,18.760563380281692
Alix Earle,34,Celebrity,2025-09-16,2025-12-02,8.128205128205128
Andy Richter,34,Celebrity,2025-09-16,2025-12-02,16.96153846153846
Baron Davis,34,Celebrity,2025-09-16,2025-12-02,5.397435897435898
Corey Feldman,34,Celebrity,2025-09-16,2025-12-02,8.166666666666666
Danielle Fishel,34,Celebrity,2025-09-16,2025-12-02,11.435897435897436
Dylan Efron,34,Celebrity,2025-09-16,2025-12-02,12.08974358974359
Elaine Hendrix,34,Celebrity,2025-09-16,2025-12-02,8.679487179487179
Hilaria Baldwin,34,Celebrity,2025-09-16,2025-12-02,11.153846153846153
Jen Affleck,34,Celebrity,2025-09-16,2025-12-02,16.28205128205128
Jordan Chiles,34,Celebrity,2025-09-16,2025-12-02,7.487179487179487
Lauren Jauregui,34,Celebrity,2025-09-16,2025-12-02,6.089743589743589
Robert Irwin,34,Celebrity,2025-09-16,2025-12-02,10.012820512820513
Scott Hoying,34,Celebrity,2025-09-16,2025-12-02,10.85897435897436
Whitney Leavitt,34,Celebrity,2025-09-16,2025-12-02,13.102564102564102
Alan Bersten (Rashad Jennings week 9),34,Professional,2025-09-16,2025-12-02,0.0
Brandon Armstrong,34,Professional,2025-09-16,2025-12-02,10.564102564102564
Britt Stewart,34,Professional,2025-09-16,2025-12-02,8.756410256410257
Daniella Karagach (Rumer Willis week 9),34,Professional,2025-09-16,2025-12-02,1.2820512820512822
Emma Slater/Kaitlyn Bristowe (week 9),34,Professional,2025-09-16,2025-12-02,1.2820512820512822
Ezra Sosa (Apolo Anton Ohno week 9),34,Professional,2025-09-16,2025-12-02,0.0
Gleb Savchenko,34,Professional,2025-09-16,2025-12-02,14.782051282051283
Jan Ravnik,34,Professional,2025-09-16,2025-12-02,16.012820512820515
Jenna Johnson,34,Professional,2025-09-16,2025-12-02,21.358974358974358
Mark Ballas,34,Professional,2025-09-16,2025-12-02,20.41025641025641
Pasha Pashkov,34,Professional,2025-09-16,2025-12-02,22.192307692307693
Rylee Arnold,34,Professional,2025-09-16,2025-12-02,23.153846153846153
Val Chmerkovskiy (Joey Graziadei week 9),34,Professional,2025-09-16,2025-12-02,0.0
Witney Carson (Xoshitl Gomez week 9),34,Professional,2025-09-16,2025-12-02,0.0
