season,celebrity_name,avg_fan_vote_share,avg_judge_score,placement,weeks_survived,age,is_us,celeb_popularity,partner_popularity,bmi,dance_experience_score,industry_group,ballroom_partner,avg_social_media_popularity,avg_google_search_volume,age_squared
1,Evander Holyfield,0.11765734261280136,15.0,5,3,42,1,2.7777777777777777,0.0,20.6,1.8,Athlete,Edyta Sliwinska,-2.152459342426328,12.533333333333333,1764
1,Joey McIntyre,0.224447039270364,21.1,3,5,32,1,7.25,2.7777777777777777,18.0,3.5,Singer,Ashly DelGrosso,-0.7076991442560895,67.67999999999999,1024
1,John O'Hurley,0.3894544853557724,24.166666666666668,2,6,50,1,0.0,0.0,24.2,4.9,Actor,Charlotte Jorgensen,-0.10212918527552824,9.0,2500
1,Kelly Monaco,0.1945417120314331,21.333333333333332,1,6,29,1,20.83333333333333,0.0,25.2,7.1,Actor,Alec Mazo,-0.1502542714986533,22.516666666666666,841
1,Rachel Hunter,0.21450210600476108,23.75,4,4,35,0,24.75,0.0,19.3,2.1,Model,Jonathan Roberts,0.6867186823316007,43.45,1225
1,Trista Sutter,0.08140358373374935,18.5,6,2,32,1,2.7777777777777777,0.0,25.5,0.3,TV,Louis van Amstel,-2.6040190632747926,56.45,1024
2,Drew Lachey,0.3228477611819114,27.437475,1,8,29,1,9.547169811320757,5.490566037735849,24.0,8.6,Singer,Cheryl Burke,1.8471962122826293,28.875,841
2,George Hamilton,0.06714027528864436,21.666666666666668,5,6,66,1,10.716981132075473,5.490566037735849,24.3,3.2,Actor,Edyta Sliwinska,-1.3253151134820669,38.95,4356
2,Giselle Fernandez,0.1301466689331336,23.0,8,3,44,0,7.169811320754717,0.0,25.3,1.7,Other,Jonathan Roberts,-2.3194450739145998,30.266666666666666,1936
2,Jerry Rice,0.1637997028407046,22.520825000000002,2,8,43,1,27.0377358490566,1.8867924528301887,20.9,0.9,Athlete,Anna Trebunskaya,1.5415021416347081,111.9,1849
2,Kenny Mayne,0.0183310958965449,13.0,10,1,46,1,4.509433962264151,1.8867924528301887,25.1,4.1,Other,Andrea Hale,-3.550398191700887,46.2,2116
2,Lisa Rinna,0.09922470887927645,24.071428571428573,4,7,42,1,28.32075471698113,0.0,25.0,6.0,Actor,Louis van Amstel,-0.8184781364130876,17.314285714285713,1764
2,Master P,0.038676808919085974,12.5,7,4,35,1,15.075471698113208,6.056603773584905,23.4,3.4,Singer,Ashly DelGrosso,-2.388076443680843,47.825,1225
2,Stacy Keibler,0.22110647155785718,27.520812499999998,3,8,26,1,38.943396226415096,1.8867924528301887,19.7,0.0,Athlete,Tony Dovolani,0.7837574642800671,48.612500000000004,676
2,Tatum O'Neal,0.1136366782383015,20.0,9,2,42,1,0.0,1.8867924528301887,21.0,2.1,Actor,Nick Kosovich,-2.6790467466267525,79.0,1764
2,Tia Carrere,0.08996044132410377,23.0,6,5,39,1,16.71698113207547,0.0,26.5,7.4,Actor,Maksim Chmerkoskiy,-1.0855766546743184,24.98,1521
3,Emmitt Smith,0.20866612258234873,25.76666,1,10,37,1,5.490566037735849,5.490566037735849,22.8,3.0,Athlete,Cheryl Burke,1.394329718137795,62.85,1369
3,Harry Hamlin,0.0880506235133744,20.0,9,3,54,1,6.769230769230769,2.7777777777777777,20.9,1.6,Actor,Ashly DelGrosso,-3.12453667539927,42.06666666666667,2916
3,Jerry Springer,0.12746534206987864,20.428571428571427,5,7,62,0,6.723076923076923,6.723076923076923,21.9,3.3,TV,Kym Johnson,-0.8280811454466503,58.971428571428575,3844
3,Joey Lawrence,0.17595794871688059,25.88888888888889,3,9,30,1,0.0,0.0,21.4,2.5,Actor,Edyta Sliwinska,0.5600187869431857,75.08888888888889,900
3,Mario Lopez,0.2191975793139452,26.866660000000003,2,10,32,1,4.907692307692308,4.907692307692308,23.7,1.7,Actor,Karina Smirnoff,1.1857961585205383,46.97,1024
3,Monique Coleman,0.15181676811048106,24.9375,4,8,25,1,9.446153846153846,0.0,22.2,2.6,Actor,Louis van Amstel,2.3804752200934356,86.3,625
3,Sara Evans,0.10505463915644156,21.0,6,5,35,1,1.8867924528301887,1.8867924528301887,18.9,8.2,Singer,Tony Dovolani,-1.6662183714520473,59.239999999999995,1225
3,Shanna Moakler,0.08175101382999361,20.0,10,2,31,1,0.0,0.0,18.8,2.1,Model,Jesse DeSoto,-3.260405978697771,14.55,961
3,Tucker Carlson,0.0566074446434523,12.0,11,1,37,1,0.0,0.0,21.7,1.7,TV,Elena Grinenko,-3.380772333187766,28.5,1369
3,Vivica A. Fox,0.1100419101071369,24.25,8,4,42,1,1.5384615384615383,1.8867924528301887,24.0,8.9,Actor,Nick Kosovich,-2.696292455080825,22.55,1764
3,Willa Ford,0.11624954483156325,24.4,7,5,25,1,0.0,0.0,23.4,6.4,Singer,Maksim Chmerkoskiy,-1.5365971754218877,42.239999999999995,625
4,Apolo Anton Ohno,0.1745896181420613,26.883319999999998,1,10,24,1,14.6,14.6,20.2,2.3,Athlete,Julianne Hough,2.5452932231010834,35.0,576
4,Billy Ray Cyrus,0.10908238216282537,19.0,5,8,45,1,4.907692307692308,4.907692307692308,22.3,0.3,Singer,Karina Smirnoff,0.28673709729758995,7.6,2025
4,Clyde Drexler,0.09360381142637753,15.6,8,5,44,1,0.0,0.0,19.3,3.3,Athlete,Elena Grinenko,-2.3575291545264925,49.38,1936
4,Heather Mills,0.10507539613198998,22.166666666666668,7,6,39,0,0.0,0.0,20.1,2.3,Model,Jonathan Roberts,-0.8111456997583311,21.066666666666666,1521
4,Ian Ziering,0.14444156997590382,24.27777777777778,4,9,42,1,5.490566037735849,5.490566037735849,22.9,2.6,Actor,Cheryl Burke,3.1279000766688534,24.455555555555556,1764
4,Joey Fatone,0.17704925550193212,26.76665,2,10,30,1,6.723076923076923,6.723076923076923,22.5,6.5,Singer,Kym Johnson,1.48851686572289,55.33,900
4,John Ratzenberger,0.10290728110401257,19.071428571428573,6,7,59,1,0.0,0.0,24.4,6.9,Actor,Edyta Sliwinska,-1.0976253894035586,99.98571428571428,3481
4,Laila Ali,0.17272763716615894,26.233320000000003,3,10,29,1,0.0,0.0,21.9,1.3,Athlete,Maksim Chmerkoskiy,0.6052926102969977,23.87,841
4,Leeza Gibbons,0.0841549232617453,19.0,9,4,50,1,1.8867924528301887,1.8867924528301887,23.9,2.4,TV,Tony Dovolani,-2.720803989788249,40.05,2500
4,Paulina Porizkova,0.08357111945853904,20.0,11,2,41,0,0.0,0.0,18.5,3.0,Model,Alec Mazo,-3.7994481470516925,105.9,1681
4,Shandi Finnessey,0.08703912373225393,20.0,10,3,28,1,4.2615384615384615,4.2615384615384615,21.9,3.7,Other,Brian Fortuna,-2.6404723373576076,30.53333333333333,784
5,Albert Reed,0.07482135576457954,21.0,11,2,22,1,1.8867924528301887,1.8867924528301887,21.8,0.6,Model,Anna Trebunskaya,-3.8490276110354436,15.0,484
5,Cameron Mathison,0.12295687359860988,24.25,5,8,38,0,0.0,0.0,23.0,4.9,Actor,Edyta Sliwinska,-0.4567975338174288,37.8,1444
5,Floyd Mayweather Jr. ,0.08218312589017818,20.75,9,4,30,1,4.907692307692308,4.907692307692308,18.5,4.3,Athlete,Karina Smirnoff,-3.043033083613161,17.575,900
5,Helio Castroneves,0.16745324265676992,26.649990000000003,1,10,32,0,14.6,14.6,22.6,0.5,Other,Julianne Hough,1.575604145877824,15.26,1024
5,Jane Seymour,0.1214010354469689,24.428571428571427,6,7,56,0,1.8867924528301887,1.8867924528301887,26.8,4.4,Actor,Tony Dovolani,-0.9981510637381729,54.457142857142856,3136
5,Jennie Garth,0.13825614692314056,25.27777777777778,4,9,35,1,13.261538461538462,13.261538461538462,23.9,5.9,Actor,Derek Hough,0.5673225620296267,12.933333333333334,1225
5,Josie Maran,0.0622560932911165,16.0,12,1,29,1,0.0,0.0,24.4,0.0,Model,Alec Mazo,-4.423541143080175,57.5,841
5,Marie Osmond,0.15657730846474407,24.25,3,10,47,1,0.0,0.0,23.9,9.2,Singer,Jonathan Roberts,0.5534943850927989,52.23,2209
5,Mark Cuban,0.09148963437903315,20.4,8,5,49,1,6.723076923076923,6.723076923076923,21.9,4.4,TV,Kym Johnson,-2.298467890385384,50.38,2401
5,Mel B,0.1702642642795901,27.23332,2,10,32,0,0.0,0.0,23.1,6.3,Singer,Maksim Chmerkoskiy,1.889218920999839,75.72999999999999,1024
5,Sabrina Bryan,0.12040166408720222,27.0,7,6,23,1,10.66153846153846,10.66153846153846,23.9,5.3,Actor,Mark Ballas,-1.8232940082227769,72.85000000000001,529
5,Wayne Newton,0.08626494065455441,17.333333333333332,10,3,65,1,5.490566037735849,5.490566037735849,21.6,7.8,Singer,Cheryl Burke,-3.6391235062839633,50.666666666666664,4225
6,Adam Carolla,0.07382062764034941,18.5,9,4,43,1,14.6,14.6,18.4,2.3,Other,Julianne Hough,-2.88747541547123,13.4,1849
6,Cristian de la Fuente,0.15782589087334556,24.75,3,10,34,0,5.490566037735849,5.490566037735849,24.4,4.2,Actor,Cheryl Burke,0.8767443197001888,78.15,1156
6,Jason Taylor,0.1641111842427303,26.15,2,10,33,1,0.0,0.0,20.0,2.4,Athlete,Edyta Sliwinska,1.5252047959847428,14.63,1089
6,Kristi Yamaguchi,0.1791988237692424,28.2,1,10,36,1,10.66153846153846,10.66153846153846,20.5,1.5,Athlete,Mark Ballas,1.8356613890897713,92.46000000000001,1296
6,Mario,0.13192483821221737,25.25,5,8,21,1,4.907692307692308,4.907692307692308,23.6,9.1,Singer,Karina Smirnoff,-0.2252525109077561,25.05,441
6,Marissa Jaret Winokur,0.13199851210919505,23.22222222222222,4,9,35,1,1.8867924528301887,1.8867924528301887,24.6,5.1,Actor,Tony Dovolani,0.5649043288292965,20.41111111111111,1225
6,Marlee Matlin,0.10591044960121619,22.333333333333332,7,6,42,1,2.953846153846154,2.953846153846154,20.3,5.0,Actor,Fabian Sanchez,-1.4643413947385004,3.1,1764
6,Monica Seles,0.06290310541440534,15.0,11,2,34,0,0.0,0.0,22.5,0.2,Athlete,Jonathan Roberts,-3.7426660225924726,33.0,1156
6,Penn Jillette,0.0610696673883922,16.5,12,2,53,1,6.723076923076923,6.723076923076923,23.4,2.9,Other,Kym Johnson,-4.398216965086008,24.8,2809
6,Priscilla Presley,0.10507459972484748,22.8,8,5,62,1,0.0,0.0,20.2,5.6,Actor,Louis van Amstel,-2.4489505436344556,58.839999999999996,3844
6,Shannon Elizabeth,0.1150166909349379,24.214285714285715,6,7,34,1,13.261538461538462,13.261538461538462,24.2,3.5,Actor,Derek Hough,-1.2876739626937528,32.44285714285714,1156
6,Steve Guttenberg,0.0786917025077427,18.333333333333332,10,3,49,1,1.8867924528301887,1.8867924528301887,22.9,4.2,Actor,Anna Trebunskaya,-3.054171466089432,27.7,2401
7,Brooke Burke,0.18102775548272898,26.95,1,10,37,1,13.261538461538462,13.261538461538462,21.2,1.7,TV,Derek Hough,1.335982875345037,14.169999999999998,1369
7,Cloris Leachman,0.09746431261371831,17.5,7,6,82,1,13.246153846153844,13.246153846153844,22.5,5.1,Actor,Corky Ballas,-1.4260437114804747,65.33333333333333,6724
7,Cody Linley,0.1390112681070893,22.833333333333332,4,9,18,1,14.6,14.6,23.6,7.2,Actor,Julianne Hough,0.5621376411906968,93.51111111111112,324
7,Jeffrey Ross,0.0476109888032036,12.0,13,1,43,1,0.0,0.0,25.5,5.8,Comedian,Edyta Sliwinska,-4.712303140787941,22.6,1849
7,Kim Kardashian,0.0735433665986069,17.75,11,2,27,1,10.66153846153846,10.66153846153846,20.7,3.2,TV,Mark Ballas,-3.989673605037998,43.349999999999994,729
7,Lance Bass,0.16336220396671708,24.35,3,10,29,1,21.15384615384616,21.15384615384616,24.3,9.7,Singer,Lacey Schwimmer,2.06149693264011,45.55,841
7,Maurice Greene,0.12367614759375098,22.4375,5,8,34,1,5.490566037735849,5.490566037735849,19.2,0.7,Athlete,Cheryl Burke,-0.26447251987925585,46.1625,1156
7,Misty May-Treanor,0.0887542022337743,21.0,10,2,31,1,0.0,0.0,18.8,3.1,Athlete,Maksim Chmerkoskiy,-2.5302660222461073,43.0,961
7,Rocco DiSpirito,0.08436272186087115,17.875,9,4,41,1,4.907692307692308,4.907692307692308,18.0,4.7,TV,Karina Smirnoff,-1.7120909401301145,26.1,1681
7,Susan Lucci,0.11091853977570554,21.928571428571427,6,7,61,1,1.8867924528301887,1.8867924528301887,22.6,1.4,Actor,Tony Dovolani,-1.2304611649558925,7.214285714285714,3721
7,Ted McGinley,0.0634887257811886,18.5,12,1,50,1,3.661538461538461,3.661538461538461,25.6,1.3,Actor,Inna Brayer,-4.010022544246069,40.3,2500
7,Toni Braxton,0.10736025688002834,22.3,8,5,40,1,0.0,0.0,25.6,4.7,Singer,Alec Mazo,-1.2557671920485107,83.02000000000001,1600
7,Warren Sapp,0.16444271335866956,24.25,2,10,35,1,6.723076923076923,6.723076923076923,19.3,0.8,Athlete,Kym Johnson,1.57870958186887,5.33,1225
8,Belinda Carlisle,0.0635988124150412,17.5,13,2,50,1,0.0,0.0,25.9,5.5,Singer,Jonathan Roberts,-4.284077292509125,21.85,2500
8,Chuck Wicks,0.10672128236134815,22.9375,6,8,29,1,14.6,14.6,25.6,8.3,Singer,Julianne Hough,0.13408178954458538,41.8625,841
8,David Alan Grier,0.0813655632438245,20.8,9,5,52,1,6.723076923076923,6.723076923076923,24.4,3.3,Actor,Kym Johnson,-2.6371994065846756,69.5,2704
8,Denise Richards,0.06783073143854806,18.333333333333332,12,3,38,1,0.0,0.0,27.8,4.7,Actor,Maksim Chmerkoskiy,-4.211244884023097,44.300000000000004,1444
8,Gilles Marini,0.16887282201098638,27.681818181818183,2,11,33,0,5.490566037735849,5.490566037735849,24.8,3.4,Actor,Cheryl Burke,1.7869737198407152,66.06363636363636,1089
8,Holly Madison,0.07021097870174385,17.25,11,4,30,1,5.319444444444445,5.319444444444445,20.4,3.0,TV,Dmitry Chaplin,-3.680105170179663,43.675,900
8,Lawrence Taylor,0.0867222972551815,19.714285714285715,7,7,50,1,0.0,0.0,19.4,2.1,Athlete,Edyta Sliwinska,-1.30187059443084,55.08571428571429,2500
8,Lil' Kim,0.1260428572511609,25.555555555555557,5,9,34,1,13.261538461538462,13.261538461538462,22.2,1.9,Singer,Derek Hough,0.19782251292185682,60.91111111111112,1156
8,Melissa Rycroft,0.16280668489020741,26.681818181818183,3,11,26,1,1.8867924528301887,1.8867924528301887,24.7,1.9,TV,Tony Dovolani,0.9399086329264512,63.8,676
8,Shawn Johnson,0.1609850018191182,26.454545454545453,1,11,17,1,10.66153846153846,10.66153846153846,21.3,4.1,Athlete,Mark Ballas,2.5213019450193994,59.17272727272727,289
8,Steve Wozniak,0.06744784783129598,13.0,10,4,58,1,4.907692307692308,4.907692307692308,22.2,2.6,Other,Karina Smirnoff,-2.477864838729319,17.875,3364
8,Steve-O,0.08413665266604599,15.833333333333334,8,6,34,0,21.15384615384616,21.15384615384616,25.4,2.3,TV,Lacey Schwimmer,-1.6316777482543958,47.03333333333333,1156
8,Ty Murray,0.11925054916457759,21.8,4,10,39,1,12.194444444444445,12.194444444444445,20.6,0.0,Athlete,Chelsie Hightower,0.32218252391223307,65.49,1521
9,Aaron Carter,0.11278989210336304,25.812462500000002,5,8,21,1,4.907692307692308,4.907692307692308,21.6,3.6,Singer,Karina Smirnoff,-0.21282255858327898,77.85,441
9,Ashley Hamiliton,0.0519598658686016,18.9999,16,1,34,1,0.0,0.0,21.9,3.2,Actor,Edyta Sliwinska,-5.537782506828618,27.5,1156
9,Chuck Liddell,0.061970956434317825,18.75,11,4,39,1,1.8867924528301887,1.8867924528301887,21.2,1.7,Athlete,Anna Trebunskaya,-3.6822993588857935,4.574999999999999,1521
9,Debi Mazar,0.05739360040327993,20.0,12,3,45,1,0.0,0.0,20.9,7.4,Actor,Maksim Chmerkoskiy,-4.008611064813945,36.266666666666666,2025
9,Donny Osmond,0.15119634650302777,26.46662,1,10,51,1,6.723076923076923,6.723076923076923,20.0,1.9,Singer,Kym Johnson,1.3905925920020246,16.35,2601
9,Joanna Krupa,0.13216608414702,27.055533333333333,4,9,30,0,13.261538461538462,13.261538461538462,20.7,3.7,Model,Derek Hough,0.2933658722065171,7.51111111111111,900
9,Kathy Ireland,0.05336517531788195,18.99995,14,2,46,1,1.8867924528301887,1.8867924528301887,21.2,1.7,Model,Tony Dovolani,-4.880706240246662,14.600000000000001,2116
9,Kelly Osbourne,0.14139192595871758,24.47216,3,10,24,0,0.0,0.0,22.1,3.1,TV,Louis van Amstel,0.31620945680134926,60.25,576
9,Louie Vito,0.07845850731832256,21.333299999999998,8,6,21,1,12.194444444444445,12.194444444444445,21.4,0.0,Athlete,Chelsie Hightower,-2.1582146674855682,83.86666666666666,441
9,Macy Gray,0.0519598658666616,18.9999,15,1,42,1,0.0,0.0,19.7,8.3,Singer,Jonathan Roberts,-5.442496341357704,44.7,1764
9,Mark Dacascos,0.09458128435201775,24.214257142857143,6,7,45,1,21.15384615384616,21.15384615384616,25.6,5.5,Actor,Lacey Schwimmer,-1.1775137648414467,12.0,2025
9,Melissa Joan Hart,0.0789542249960756,22.833316666666665,9,6,33,1,10.66153846153846,10.66153846153846,25.3,5.3,Actor,Mark Ballas,-2.049049731666704,108.61666666666667,1089
9,Michael Irvin,0.08214795155233125,19.357114285714285,7,7,43,1,5.476923076923077,5.476923076923077,22.3,2.2,Athlete,Anna Demidova,-0.9260796521209127,81.45714285714287,1849
9,Mya,0.1592097524664689,28.433299999999996,2,10,29,1,5.319444444444445,5.319444444444445,23.0,5.8,Singer,Dmitry Chaplin,1.4565733404557601,74.32000000000001,841
9,Natalie Coughlin,0.08144911244389458,23.999959999999998,10,5,27,1,0.0,0.0,22.1,0.0,Athlete,Alec Mazo,-3.1555214320358744,17.7,729
9,Tom DeLay,0.056888179937775805,17.666633333333333,13,3,62,1,5.490566037735849,5.490566037735849,21.5,0.4,Other,Cheryl Burke,-4.430460369584467,63.833333333333336,3844
10,Aiden Turner,0.0809646729452351,17.625,9,4,32,0,0.0,0.0,20.4,2.9,Actor,Edyta Sliwinska,-2.7551146193900133,30.75,1024
10,Buzz Aldrin,0.08142724432287346,13.0,10,3,80,1,2.7777777777777777,2.7777777777777777,18.0,2.3,Other,Ashly DelGrosso,-3.5191276324043312,20.46666666666667,6400
10,Chad Ochocinco,0.13022486325758637,22.166655555555554,4,9,32,1,5.490566037735849,5.490566037735849,20.0,3.3,Athlete,Cheryl Burke,0.006513091741892938,48.91111111111111,1024
10,Erin Andrews,0.16380110301548453,24.94998,3,10,32,1,0.0,0.0,23.4,3.2,Other,Maksim Chmerkoskiy,1.063506685001795,43.12,1024
10,Evan Lysacek,0.17472864858561643,26.288869999999996,2,10,24,1,1.8867924528301887,1.8867924528301887,19.7,0.9,Athlete,Anna Trebunskaya,1.015592563520429,44.67,576
10,Jake Pavelka,0.1084285079034107,21.333316666666665,7,6,32,1,12.194444444444445,12.194444444444445,25.3,0.8,TV,Chelsie Hightower,-1.3682704681670002,27.616666666666664,1024
10,Kate Gosselin,0.08414925577306027,15.4,8,5,35,1,1.8867924528301887,1.8867924528301887,22.2,2.2,TV,Tony Dovolani,-2.4693210161615524,79.85999999999999,1225
10,Nicole Scherzinger,0.18644593883713045,28.07776,1,10,31,1,13.261538461538462,13.261538461538462,19.0,3.5,Singer,Derek Hough,1.2191284050496414,70.9,961
10,Niecy Nash,0.11886813086003897,20.999975,5,8,40,1,0.0,0.0,22.5,3.3,Actor,Louis van Amstel,-0.6910760670495344,89.95,1600
10,Pamela Anderson,0.12094537560507537,23.428542857142855,6,7,42,0,6.492307692307692,6.492307692307692,21.0,2.1,Model,Damian Whitewood,-1.3552376141095206,37.371428571428574,1764
10,Shannen Doherty,0.07059944957412001,19.0,11,2,38,1,10.66153846153846,10.66153846153846,22.3,3.9,Actor,Mark Ballas,-3.5295705846107497,48.25,1444
11,Audrina Patridge,0.1077709294966709,24.333299999999998,7,6,25,1,1.8867924528301887,1.8867924528301887,22.5,2.9,TV,Tony Dovolani,-1.5408750645339475,64.6,625
11,Brandy,0.1528439674325962,27.6111,4,9,31,1,0.0,0.0,21.0,3.5,Singer,Maksim Chmerkoskiy,0.15765192852881627,53.12222222222223,961
11,Bristol Palin,0.1545306034918385,22.91664,3,10,19,1,10.66153846153846,10.66153846153846,20.5,3.2,TV,Mark Ballas,2.8853141449952213,55.19,361
11,David Hasselhoff,0.066080372143502,15.0,12,1,58,1,6.723076923076923,6.723076923076923,21.8,3.7,Actor,Kym Johnson,-4.002319414514879,32.8,3364
11,Florence Henderson,0.09067059588325306,19.1,8,5,76,1,13.246153846153844,13.246153846153844,22.4,4.3,Actor,Corky Ballas,-2.2477521631178545,55.86,5776
11,Jennifer Grey,0.17587871592089663,27.9,1,10,50,1,13.261538461538462,13.261538461538462,24.6,1.3,Actor,Derek Hough,3.0444159367611574,28.76,2500
11,Kurt Warner,0.12818985003598238,23.1249875,5,8,39,1,1.8867924528301887,1.8867924528301887,23.3,2.3,Athlete,Anna Trebunskaya,-0.42210468726610356,47.2,1521
11,Kyle Massey,0.16157366523544892,25.58331,2,10,19,1,21.15384615384616,21.15384615384616,25.9,4.6,Actor,Lacey Schwimmer,1.4358841343383184,22.44,361
11,Margaret Cho,0.07357801203878643,17.0,10,3,41,1,0.0,0.0,23.5,4.2,Comedian,Louis van Amstel,-3.618526236772443,28.133333333333336,1681
11,Michael Bolton,0.0694491534525167,14.0,11,2,57,1,12.194444444444445,12.194444444444445,23.1,4.7,Singer,Chelsie Hightower,-3.408758858494755,15.049999999999999,3249
11,Rick Fox,0.1204464542780411,25.0,6,7,41,0,5.490566037735849,5.490566037735849,19.5,1.7,Athlete,Cheryl Burke,1.9385949680444694,46.15714285714286,1681
11,The Situation,0.07755979870736475,16.75,9,4,28,1,4.907692307692308,4.907692307692308,24.2,0.0,TV,Karina Smirnoff,-2.9227470850725563,46.575,784
12,Chelsea Kane,0.17023402794680798,26.76666,3,10,22,1,10.66153846153846,10.66153846153846,19.8,4.3,Actor,Mark Ballas,0.7414941978255901,81.58,484
12,Chris Jericho,0.11042449925641602,22.333333333333332,7,6,40,1,5.490566037735849,5.490566037735849,18.0,0.5,Athlete,Cheryl Burke,-0.8396834096567413,18.483333333333334,1600
12,Hines Ward,0.1702506328285422,26.76666,1,10,35,0,6.723076923076923,6.723076923076923,20.4,0.0,Athlete,Kym Johnson,1.6600015746599268,11.25,1225
12,Kendra Wilkinson,0.1126011191644249,22.214285714285715,6,7,25,1,0.0,0.0,24.2,2.1,TV,Louis van Amstel,-1.4346670367165544,28.457142857142856,625
12,Kirstie Alley,0.16073783936399472,24.64999,2,10,60,1,0.0,0.0,21.1,5.4,Actor,Maksim Chmerkoskiy,1.866350772509465,50.95,3600
12,Mike Catherwood,0.0654527453089791,15.0,11,2,32,1,21.15384615384616,21.15384615384616,21.9,2.2,Other,Lacey Schwimmer,-4.04959806224234,68.6,1024
12,Petra Nemcova,0.09988404566467006,21.2,8,5,31,0,5.319444444444445,5.319444444444445,19.5,2.7,Model,Dmitry Chaplin,-1.8223106880386688,21.880000000000003,961
12,Ralph Macchio,0.14792213981071076,24.11111111111111,4,9,49,1,4.907692307692308,4.907692307692308,24.2,3.1,Actor,Karina Smirnoff,0.07990735021493567,57.15555555555555,2401
12,Romeo,0.1272626891271344,24.375,5,8,21,1,12.194444444444445,12.194444444444445,24.8,9.6,Singer,Chelsie Hightower,-0.44559248291202097,68.1,441
12,Sugar Ray Leonard,0.0859864593107364,18.75,9,4,54,1,1.8867924528301887,1.8867924528301887,21.6,0.4,Athlete,Anna Trebunskaya,-3.0715629134638034,51.5,2916
12,Wendy Williams,0.0711159471397839,15.333333333333334,10,3,46,1,1.8867924528301887,1.8867924528301887,24.9,2.1,TV,Tony Dovolani,-3.0819367721991706,21.400000000000002,2116
13,Carson Kressley,0.09562119095561944,19.4,8,5,41,1,1.8867924528301887,1.8867924528301887,22.4,3.5,TV,Anna Trebunskaya,-2.1694995835006083,40.38,1681
13,Chaz Bono,0.10532714499314709,18.833333333333332,7,6,42,1,21.15384615384616,21.15384615384616,23.1,1.7,TV,Lacey Schwimmer,-1.0354657503826432,83.26666666666667,1764
13,Chynna Phillips,0.10483207639591464,22.5,9,4,43,1,1.8867924528301887,1.8867924528301887,19.8,7.0,Singer,Tony Dovolani,-3.1449969918555754,45.0,1849
13,David Arquette,0.11197538796036041,22.071428571428573,6,7,40,1,6.723076923076923,6.723076923076923,20.3,6.2,Actor,Kym Johnson,-1.2943366005218642,104.65714285714286,1600
13,Elisabetta Canalis,0.0701029415759856,18.0,11,2,33,0,0.0,0.0,21.0,5.6,Actor,Valentin Chmerkovskiy,-3.806578424441166,29.55,1089
13,Hope Solo,0.13935005941456943,23.055533333333333,4,9,30,1,0.0,0.0,19.6,2.4,Athlete,Maksim Chmerkoskiy,0.04246764224975368,30.422222222222224,900
13,J.R. Martinez,0.17359187691901518,26.31665,1,10,28,1,4.907692307692308,4.907692307692308,21.5,2.2,Actor,Karina Smirnoff,2.130294735757563,98.76,784
13,Kristin Cavallari,0.08795996282149926,21.666666666666668,10,3,24,1,10.66153846153846,10.66153846153846,19.8,4.1,TV,Mark Ballas,-3.0435464673491412,54.03333333333333,576
13,Metta World Peace (Ron),0.0645156177106246,14.0,12,1,31,1,2.7384615384615385,2.7384615384615385,19.1,2.6,Athlete,Peta Murgatroyd,-4.287371482268228,17.8,961
13,Nancy Grace,0.1189128417648796,21.125,5,8,51,1,18.95384615384616,18.95384615384616,21.0,0.0,TV,Tristan MacManus,-0.3687502943505193,59.95,2601
13,Ricki Lake,0.17252869036312685,26.59998,3,10,42,1,13.261538461538462,13.261538461538462,22.7,6.3,Actor,Derek Hough,1.2662141079786533,65.59,1764
13,Rob Kardashian,0.155151482295816,24.3833,2,10,24,1,5.490566037735849,5.490566037735849,25.9,3.2,TV,Cheryl Burke,1.4109183276504702,30.419999999999998,576
14,Donald Driver,0.14892116867129115,27.11665,1,10,37,1,2.7384615384615385,2.7384615384615385,21.3,1.3,Athlete,Peta Murgatroyd,1.7430926467227146,93.67,1369
14,Gavin DeGraw,0.08501471811066844,21.4,9,5,35,1,4.907692307692308,4.907692307692308,24.9,10.0,Singer,Karina Smirnoff,-2.2116674945697037,70.84,1225
14,Gladys Knight,0.09282006970581617,22.0,8,6,67,1,18.95384615384616,18.95384615384616,21.3,7.4,Singer,Tristan MacManus,-2.242645343967219,25.916666666666668,4489
14,Jack Wagner,0.08404180164453805,22.666666666666668,11,3,52,1,1.8867924528301887,1.8867924528301887,21.3,10.0,Actor,Anna Trebunskaya,-3.5071326142940698,24.866666666666664,2704
14,Jaleel White,0.10735899103481612,25.928542857142855,7,7,35,1,6.723076923076923,6.723076923076923,21.9,8.2,Actor,Kym Johnson,-1.6962595169442611,4.714285714285714,1225
14,Katherine Jenkins,0.1598834981970394,28.54999,2,10,31,0,10.66153846153846,10.66153846153846,25.2,3.6,Singer,Mark Ballas,1.862517970017453,101.94,961
14,Maria Menounos,0.12797425857486494,26.72221111111111,4,9,33,1,13.261538461538462,13.261538461538462,26.0,3.5,TV,Derek Hough,1.4273208146064393,69.51111111111112,1089
14,Martina Navratilova,0.0722595425823514,18.5,12,2,55,0,1.8867924528301887,1.8867924528301887,23.1,1.6,Athlete,Tony Dovolani,-4.344730861433483,39.1,3025
14,Melissa Gilbert,0.10549299791046804,23.25,5,8,47,1,0.0,0.0,22.9,1.8,Actor,Maksim Chmerkoskiy,0.4562275276621384,52.2125,2209
14,Roshon Fegan,0.11267712158520272,25.999975,6,8,20,1,12.194444444444445,12.194444444444445,27.4,2.2,Actor,Chelsie Hightower,-0.6549595946793036,37.6125,400
14,Sherri Sheperd,0.08785775720228052,22.75,10,4,44,1,0.0,0.0,24.1,5.5,Actor,Valentin Chmerkovskiy,-1.8852025453320138,96.475,1936
14,William Levy,0.15332415832381496,27.76666,3,10,31,0,5.490566037735849,5.490566037735849,20.8,0.7,Actor,Cheryl Burke,1.0486948662103386,52.620000000000005,961
15,Apolo Anton Ohno,0.1209131730287721,28.4043,5,9,30,1,4.907692307692308,4.907692307692308,20.3,1.2,Athlete,Karina Smirnoff,0.5568016160114859,43.455555555555556,900
15,Bristol Palin,0.087041366375183,23.0,9,4,21,1,10.66153846153846,10.66153846153846,28.4,0.5,TV,Mark Ballas,-2.548456002108896,18.775,441
15,Drew Lachey,0.08243869398642437,22.666666666666668,11,3,36,1,1.8867924528301887,1.8867924528301887,21.8,3.7,Singer,Anna Trebunskaya,-2.840722885328128,41.6,1296
15,Emmitt Smith,0.12534292075988157,28.117255555555555,4,9,43,1,5.490566037735849,5.490566037735849,21.2,1.2,Athlete,Cheryl Burke,-0.06951782974367264,84.25555555555555,1849
15,Gilles Marini,0.1166666940403546,29.1284375,6,8,36,0,2.7384615384615385,2.7384615384615385,24.4,5.2,Actor,Peta Murgatroyd,0.9619315861896103,64.3625,1296
15,Helio Castroneves,0.08084125385936773,23.333333333333332,10,3,37,0,12.194444444444445,12.194444444444445,22.7,2.4,Other,Chelsie Hightower,-3.287968596569398,41.1,1369
15,Joey Fatone,0.07091411967127689,21.5,12,2,35,1,6.723076923076923,6.723076923076923,22.6,4.5,Singer,Kym Johnson,-3.8698729435462234,19.5,1225
15,Kelly Monaco,0.1437756291385074,28.13052,3,10,36,1,0.0,0.0,20.4,6.7,Actor,Valentin Chmerkovskiy,0.9191313171005678,60.870000000000005,1296
15,Kirstie Alley,0.10538805060229392,25.1562375,7,8,61,1,0.0,0.0,23.3,2.4,Actor,Maksim Chmerkoskiy,-0.6604321370585311,75.6125,3721
15,Melissa Rycroft,0.1448567766138985,29.33607,1,10,29,1,1.8867924528301887,1.8867924528301887,26.3,3.0,TV,Tony Dovolani,1.4555383265299358,73.81,841
15,Pamela Anderson,0.0614835339191353,17.0,13,1,45,0,18.95384615384616,18.95384615384616,21.7,2.8,Model,Tristan MacManus,-5.009888665483355,62.5,2025
15,Sabrina Bryan,0.10282384601404997,28.125,8,6,28,1,0.0,0.0,19.9,3.5,Actor,Louis van Amstel,-0.9028670364506626,25.866666666666664,784
15,Shawn Johnson,0.14626729828527693,29.35274,2,10,20,1,13.261538461538462,13.261538461538462,19.5,2.6,Athlete,Derek Hough,1.3017757113708488,106.74000000000001,400
16,Alexandra Raisman,0.14466565355722713,26.45,4,10,18,1,10.66153846153846,10.66153846153846,20.0,1.7,Athlete,Mark Ballas,0.6496484376722187,5.75,324
16,Andy Dick,0.09056635383237019,18.928571428571427,7,7,47,1,0.0,0.0,23.2,1.8,Comedian,Sharna Burgess,-1.466512925732783,49.17142857142857,2209
16,D. L. Hughley,0.06911440450087826,16.6,9,5,50,1,5.490566037735849,5.490566037735849,23.7,3.1,Comedian,Cheryl Burke,-2.9276521725527447,10.32,2500
16,Dorothy Hamill,0.08666511561320744,18.0,12,2,56,1,18.95384615384616,18.95384615384616,21.3,1.2,Athlete,Tristan MacManus,-4.430554581875345,22.5,3136
16,Ingo Rademacher,0.1172462004961604,22.5,5,9,41,0,6.723076923076923,6.723076923076923,22.9,3.3,Actor,Kym Johnson,-0.3868925503565141,28.200000000000003,1681
16,Jacoby Jones,0.13951025838628037,25.19997,3,10,28,1,4.907692307692308,4.907692307692308,19.3,2.3,Athlete,Karina Smirnoff,0.7764778941796523,105.59,784
16,Kellie Pickler,0.14701000110508838,26.75,1,10,26,1,13.261538461538462,13.261538461538462,20.5,3.7,Singer,Derek Hough,1.8615265203305937,53.45,676
16,Lisa Vanderpump,0.08241242576125825,18.75,10,4,52,0,9.723076923076922,9.723076923076922,26.0,4.6,TV,Gleb Savchenko,-2.2757202505355276,34.975,2704
16,Sean Lowe,0.10658663817936972,21.5,6,8,29,1,2.7384615384615385,2.7384615384615385,19.2,4.6,TV,Peta Murgatroyd,-0.8005193991222075,15.6375,841
16,Victor Ortiz,0.09037802049450074,19.666666666666668,8,6,26,1,7.784615384615384,7.784615384615384,21.8,2.6,Athlete,Lindsay Arnold,-1.5326148474729682,118.75,676
16,Wynonna Judd,0.07608916561798718,17.0,11,3,48,1,1.8867924528301887,1.8867924528301887,25.0,5.1,Singer,Tony Dovolani,-3.662139562469386,45.93333333333334,2304
16,Zendaya,0.152717990619024,27.299979999999998,2,10,16,1,0.0,0.0,24.3,5.7,Actor,Valentin Chmerkovskiy,2.334058088080929,75.67,256
17,Amber Riley,0.14390694469137172,28.53028181818182,1,11,27,1,13.261538461538462,13.261538461538462,21.2,5.0,Actor,Derek Hough,1.9973321140309006,21.836363636363636,729
17,Bill Engvall,0.13021734722333986,23.409072727272726,4,11,56,1,0.0,0.0,25.0,0.0,Comedian,Emma Slater,0.36205641386509774,37.70909090909091,3136
17,Bill Nye,0.061770647280482295,15.666666666666666,11,3,57,1,6.722222222222222,6.722222222222222,22.3,1.3,TV,Tyne Stecklein,-3.2792265785810013,20.46666666666667,3249
17,Brant Daugherty,0.10722666684473328,25.8125,7,8,28,1,2.7384615384615385,2.7384615384615385,22.8,2.6,Actor,Peta Murgatroyd,-1.4411408659320148,85.3375,784
17,Christina Milian,0.09309284143035308,25.0,9,5,31,1,10.66153846153846,10.66153846153846,26.6,7.1,Singer,Mark Ballas,-1.9518744768896368,41.0,961
17,Corbin Bleu,0.14226725505855448,28.51511818181818,2,11,24,1,4.907692307692308,4.907692307692308,23.9,4.1,Actor,Karina Smirnoff,1.5224606590718324,31.3,576
17,Elizabeth Berkley Lauren,0.11668628212162109,26.555533333333333,6,9,39,1,0.0,0.0,26.8,1.3,Actor,Valentin Chmerkovskiy,0.12409045843558847,10.655555555555557,1521
17,Jack Osbourne,0.13456331243122135,26.909063636363637,3,11,27,0,5.490566037735849,5.490566037735849,24.2,3.3,TV,Cheryl Burke,4.977710403775537,72.89999999999999,729
17,Keyshawn Johnson,0.06341082758302505,17.5,12,2,41,1,0.0,0.0,19.8,0.7,Athlete,Sharna Burgess,-4.123327558108778,47.75,1681
17,Leah Remini,0.12192260127673057,25.699990000000003,5,10,43,1,1.8867924528301887,1.8867924528301887,21.7,2.3,Actor,Tony Dovolani,1.5607312815603163,26.330000000000002,1849
17,"Nicole ""Snooki"" Polizzi",0.10250151944050857,25.142857142857142,8,7,25,0,5.486111111111111,5.486111111111111,18.0,0.0,TV,Sasha Farber,-1.528826231707669,42.18571428571429,625
17,Valerie Harper,0.0792930549220129,18.5,10,4,74,1,18.95384615384616,18.95384615384616,21.3,4.4,Actor,Tristan MacManus,-3.1427658535361185,62.675,5476
18,Amy Purdy,0.144226358612558,33.91666,2,10,34,1,13.261538461538462,13.261538461538462,23.5,3.4,Athlete,Derek Hough,0.8263789411261786,107.16,1156
18,Billy Dee Williams,0.07097445189619796,15.0,10,2,76,1,0.0,0.0,24.5,6.6,Actor,Emma Slater,-3.7285760529796397,32.35,5776
18,Candace Cameron Bure,0.13937843959264665,30.799979999999998,3,10,37,1,10.66153846153846,10.66153846153846,22.7,1.3,Actor,Mark Ballas,3.577596052736305,25.910000000000004,1369
18,Charlie White,0.13384543164790463,34.166666666666664,5,9,26,1,0.0,0.0,21.7,2.6,Athlete,Sharna Burgess,-0.15750677123311885,73.25555555555555,676
18,Cody Simpson,0.09626584116639562,28.8,9,5,17,0,6.676923076923077,6.676923076923077,19.3,6.6,Singer,Witney Carson,-2.0822713819200733,63.06,289
18,Danica McKellar,0.12015863843662312,33.125,6,8,39,1,0.0,0.0,23.7,5.9,Actor,Valentin Chmerkovskiy,-1.0630728913231842,68.125,1521
18,Diana Nyad,0.0687022900763358,18.0,12,1,64,1,3.3846153846153846,3.3846153846153846,20.7,3.7,Athlete,Henry Byalikov,-3.972991558532693,23.8,4096
18,Drew Carey,0.09962182284365,27.5,8,6,55,1,5.490566037735849,5.490566037735849,21.3,2.1,Comedian,Cheryl Burke,-1.451263180205783,103.14999999999999,3025
18,James Maslow,0.13736306250685085,33.0,4,10,23,1,2.7384615384615385,2.7384615384615385,21.2,3.3,Actor,Peta Murgatroyd,0.14308627212099215,25.919999999999998,529
18,Meryl Davis,0.1474702180213941,34.8,1,10,27,1,0.0,0.0,19.5,3.9,Athlete,Maksim Chmerkoskiy,2.9440144487095905,48.21,729
18,NeNe Leakes,0.10336959632216362,29.571428571428573,7,7,46,1,1.8867924528301887,1.8867924528301887,26.5,0.1,TV,Tony Dovolani,-1.734303722821409,54.34285714285714,2116
18,Sean Avery,0.0682213546618093,20.5,11,2,33,0,4.907692307692308,4.907692307692308,19.9,1.2,Athlete,Karina Smirnoff,-3.7376216133318407,50.2,1089
19,Alfonso Ribeiro,0.14537664985724832,36.72727272727273,1,11,42,1,6.676923076923077,6.676923076923077,21.2,4.5,Actor,Witney Carson,3.4260373286565406,31.354545454545452,1764
19,Antonio Sabato Jr.,0.08928928902861959,28.5,8,7,42,0,5.490566037735849,5.490566037735849,25.7,4.3,Actor,Cheryl Burke,-1.448892580219771,50.871428571428574,1764
19,Bethany Mota,0.14090971408213268,36.04545454545455,4,11,18,1,13.261538461538462,13.261538461538462,21.4,1.3,SocialMedia,Derek Hough,3.043538480685685,66.4090909090909,324
19,Betsey Johnson,0.07083564990581756,26.5,10,4,72,1,1.8867924528301887,1.8867924528301887,23.3,0.2,Other,Tony Dovolani,-2.9960448338326393,87.65,5184
19,Janel Parrish,0.13955547255133574,36.1818,3,11,25,1,0.0,0.0,19.5,4.7,Actor,Valentin Chmerkovskiy,2.358108539680982,42.26363636363636,625
19,Jonathan Bennett,0.08966397820471785,28.666666666666668,9,6,33,1,16.916666666666668,16.916666666666668,21.8,4.5,Actor,Allison Holker,-1.6013671910023295,32.9,1089
19,Lea Thompson,0.11485854323461069,33.888888888888886,6,9,53,1,12.541666666666666,12.541666666666666,25.3,2.1,Actor,Artem Chigvintsev,-0.5328059300892373,15.488888888888889,2809
19,Lolo Jones,0.0537634583582285,22.0,13,1,32,1,2.805555555555556,2.805555555555556,22.9,4.0,Athlete,Keo Motsepe,-4.354106577345682,69.7,1024
19,Michael Waltrip,0.09252323932774828,25.625,7,8,51,1,0.0,0.0,21.6,2.4,Other,Emma Slater,-1.3980130856986115,83.8375,2601
19,Randy Couture,0.08429154621555973,28.333333333333332,11,3,51,1,4.907692307692308,4.907692307692308,22.8,4.4,Athlete,Karina Smirnoff,-3.7939033201671077,60.366666666666674,2601
19,Sadie Robertson,0.1387724261845228,35.16665454545455,2,11,17,1,10.66153846153846,10.66153846153846,21.3,1.8,TV,Mark Ballas,2.782363613210627,56.68181818181818,289
19,Tavis Smiley,0.07340424820774875,28.5,12,2,50,1,0.0,0.0,22.8,0.0,Other,Sharna Burgess,-3.20235366568169,66.25,2500
19,Tommy Chong,0.111553222136656,28.65,5,10,76,0,2.7384615384615385,2.7384615384615385,23.0,1.0,Comedian,Peta Murgatroyd,0.24426323201312802,74.33,5776
20,Charlotte McKinney,0.07295888615812686,23.333333333333332,11,3,21,1,2.805555555555556,2.805555555555556,18.4,2.7,Model,Keo Motsepe,-3.4632566246079315,80.0,441
20,Chris Soules,0.10958847077872051,28.375,5,8,33,1,6.676923076923077,6.676923076923077,25.4,2.1,TV,Witney Carson,-0.1842534970464529,55.2,1089
20,Michael Sam,0.08312925776388866,27.0,10,4,25,1,2.7384615384615385,2.7384615384615385,20.2,3.0,Athlete,Peta Murgatroyd,-2.9703551546567364,8.1,625
20,Nastia Liukin,0.13774129942783625,36.388888888888886,4,9,25,0,13.261538461538462,13.261538461538462,21.2,2.2,Athlete,Derek Hough,0.5029521671115079,15.166666666666666,625
20,Noah Galloway,0.1440935078563263,32.05,3,10,33,1,0.0,0.0,20.7,1.2,Other,Sharna Burgess,1.27812699194708,10.09,1089
20,Patti LaBelle,0.08905295594048013,27.666666666666668,8,6,70,1,12.541666666666666,12.541666666666666,20.1,6.2,Singer,Artem Chigvintsev,-1.9181867520183884,28.433333333333334,4900
20,Redfoo,0.06433296550902551,26.5,12,2,39,1,0.0,0.0,22.7,8.9,Singer,Emma Slater,-2.956058961138838,12.649999999999999,1521
20,Riker Lynch,0.15868422433012133,36.3,2,10,23,1,16.916666666666668,16.916666666666668,22.7,0.0,Actor,Allison Holker,1.2691007718557332,37.95,529
20,Robert Herjavec,0.11237592671625135,29.8125,6,8,52,0,6.723076923076923,6.723076923076923,20.4,1.5,Other,Kym Johnson,-0.18356052180515645,50.7625,2704
20,Rumer Willis,0.1591644877337899,36.25,1,10,26,1,0.0,0.0,25.0,1.3,Actor,Valentin Chmerkovskiy,2.2500922485474057,60.470000000000006,676
20,Suzanne Somers,0.08531122616322409,26.8,9,5,68,1,1.8867924528301887,1.8867924528301887,21.9,4.4,Actor,Tony Dovolani,-0.596675409556237,49.54,4624
20,Willow Shields,0.10346534842576179,33.92857142857143,7,7,14,1,10.66153846153846,10.66153846153846,23.6,2.8,Actor,Mark Ballas,-1.1254714839875257,87.34285714285714,196
21,Alek Skarlatos,0.1376942448676955,26.727263636363638,3,11,22,1,7.784615384615384,7.784615384615384,20.1,0.0,Other,Lindsay Arnold,1.7160937974239738,106.3,484
21,Alexa PenaVega,0.11276516670141769,28.499977777777776,6,9,27,1,10.66153846153846,10.66153846153846,22.2,5.2,Actor,Mark Ballas,7.57282486691035,11.222222222222221,729
21,Andy Grammer,0.10660066136017163,27.874975,7,8,31,1,16.916666666666668,16.916666666666668,24.4,6.8,Singer,Allison Holker,-0.9097947146093717,43.7875,961
21,Bindi Irwin,0.14848356059854656,30.318181818181817,1,11,17,0,13.261538461538462,13.261538461538462,23.4,3.2,TV,Derek Hough,3.7342329612193197,27.181818181818183,289
21,Carlos PenaVega,0.14232162277493277,29.454527272727272,4,11,26,1,6.676923076923077,6.676923076923077,23.9,3.3,Actor,Witney Carson,0.7253365188633332,60.40909090909091,676
21,Chaka Khan,0.0525754745709862,14.0,13,2,62,1,2.805555555555556,2.805555555555556,23.5,6.7,Singer,Keo Motsepe,-4.3510465296204295,47.25,3844
21,Gary Busey,0.06951078034746465,18.125,10,4,71,1,1.8867924528301887,1.8867924528301887,21.4,2.5,Actor,Anna Trebunskaya,-3.019611823524284,3.775,5041
21,Hayes Grier,0.10015640080915011,27.214285714285715,8,7,15,1,0.0,0.0,22.7,3.3,SocialMedia,Emma Slater,-0.9356462537814085,68.01428571428572,225
21,Kim Zolciak-Biermann,0.052422211820830344,15.25,11,2,37,1,1.8867924528301887,1.8867924528301887,22.7,5.5,TV,Tony Dovolani,-3.9800713729202695,50.9,1369
21,Nick Carter,0.1460931683085522,29.818181818181817,2,11,35,1,0.0,0.0,22.3,9.6,Singer,Sharna Burgess,1.6633743836324646,74.97272727272728,1225
21,Paula Deen,0.07170616108752974,20.25,9,6,68,1,0.0,0.0,26.7,1.6,TV,Louis van Amstel,-2.0743275107771457,64.51666666666667,4624
21,Tamar Braxton,0.11950832852827614,28.444444444444443,5,9,38,1,0.0,0.0,23.6,3.5,Singer,Valentin Chmerkovskiy,0.8567217743690243,40.766666666666666,1444
21,Victor Espinoza,0.0584222118208303,16.75,12,2,43,0,4.907692307692308,4.907692307692308,21.2,2.6,Athlete,Karina Smirnoff,-3.374103755796906,37.25,1849
22,Antonio Brown,0.1173463023844554,25.38888888888889,5,9,27,1,0.0,0.0,18.8,0.0,Athlete,Sharna Burgess,0.5759636559105308,24.755555555555553,729
22,Doug Flutie,0.0844584543021115,21.333333333333332,9,6,53,1,4.907692307692308,4.907692307692308,20.5,3.4,Athlete,Karina Smirnoff,-2.1935682184170155,34.0,2809
22,Geraldo Rivera,0.0548888158487183,13.0,12,2,72,1,0.0,0.0,21.9,0.0,Other,Edyta Sliwinska,-4.359805450239405,20.2,5184
22,Ginger Zee,0.14609105692488125,27.083319999999997,3,10,35,1,0.0,0.0,24.1,1.8,Other,Valentin Chmerkovskiy,0.5059876889013164,76.91,1225
22,Jodie Sweetin,0.10617260038689633,25.8125,6,8,34,1,2.805555555555556,2.805555555555556,25.6,2.9,Actor,Keo Motsepe,-0.055188175385927574,53.125,1156
22,Kim Fields,0.09760237004630028,24.428571428571427,8,7,46,1,5.486111111111111,5.486111111111111,22.1,6.2,Actor,Sasha Farber,2.3316132062347483,24.085714285714285,2116
22,Marla Maples,0.08716182372105698,22.5,10,4,52,1,1.8867924528301887,1.8867924528301887,22.1,2.9,TV,Tony Dovolani,-1.6137649769932378,17.1,2704
22,Mischa Barton,0.06856912510269464,16.333333333333332,11,3,30,0,12.541666666666666,12.541666666666666,24.0,4.3,Actor,Artem Chigvintsev,-3.8319495764391296,56.26666666666667,900
22,Nyle DiMarco,0.14815897023183688,27.84998,1,10,26,1,2.7384615384615385,2.7384615384615385,20.4,2.6,Model,Peta Murgatroyd,1.6030268238681145,50.910000000000004,676
22,Paige VanZant,0.14539667774918316,27.76666,2,10,22,1,10.66153846153846,10.66153846153846,21.1,0.0,Athlete,Mark Ballas,1.5352847438127604,35.31,484
22,Von Miller,0.09920990388565519,24.571428571428573,7,7,27,1,6.676923076923077,6.676923076923077,19.7,4.0,Athlete,Witney Carson,-1.2731120924541666,21.185714285714287,729
22,Wanya Morris,0.12771849790662324,27.5,4,9,42,1,7.784615384615384,7.784615384615384,21.4,5.6,Singer,Lindsay Arnold,0.18462834392499353,22.133333333333333,1764
23,Amber Rose,0.08459096994799448,24.833333333333332,9,6,32,1,0.0,0.0,21.9,1.1,Model,Maksim Chmerkoskiy,-2.561000572868136,27.616666666666664,1024
23,Babyface,0.0813743560224737,24.75,11,4,57,1,16.916666666666668,16.916666666666668,19.6,5.6,Singer,Allison Holker,-3.463771710399398,104.725,3249
23,Calvin Johnson Jr.,0.13193095773840743,30.939372727272726,3,11,30,1,7.784615384615384,7.784615384615384,21.3,4.3,Athlete,Lindsay Arnold,1.6121648240699216,104.86363636363636,900
23,Jake T. Austin,0.06401518570483244,23.0,13,2,21,1,11.291666666666666,11.291666666666666,23.4,2.2,Actor,Jenna Johnson,-4.256825426173863,44.35,441
23,James Hinchcliffe,0.14201710934759273,32.772690909090905,2,11,29,0,0.0,0.0,20.9,4.5,Other,Sharna Burgess,8.07840316520479,40.35454545454545,841
23,Jana Kramer,0.13204332421532938,30.90909090909091,4,11,32,1,9.723076923076922,9.723076923076922,23.1,4.7,Singer,Gleb Savchenko,2.707708253883468,52.57272727272727,1024
23,Laurie Hernandez,0.14221859816819618,32.98483636363637,1,11,16,1,0.0,0.0,23.3,1.9,Athlete,Valentin Chmerkovskiy,2.1853702262851242,30.818181818181817,256
23,Marilu Henner,0.10799359019185946,28.333333333333332,6,9,64,1,13.261538461538462,13.261538461538462,22.4,1.2,Actor,Derek Hough,-0.10709206481805882,39.166666666666664,4096
23,Maureen McCormick,0.08889804831429755,26.857142857142858,8,7,60,1,12.541666666666666,12.541666666666666,22.6,2.9,Actor,Artem Chigvintsev,-1.9648927498110755,49.971428571428575,3600
23,Rick Perry,0.0662889514530825,21.666666666666668,12,3,66,1,0.0,0.0,21.6,3.9,Other,Emma Slater,-3.8462641927593206,39.766666666666666,4356
23,Ryan Lochte,0.09338803487602662,26.0,7,8,32,1,5.490566037735849,5.490566037735849,18.0,3.4,Athlete,Cheryl Burke,-0.5536805511185074,76.8,1024
23,Terra Jole,0.11591833180226088,29.45,5,10,36,1,5.486111111111111,5.486111111111111,22.4,1.6,TV,Sasha Farber,3.5540338545186905,79.55,1296
23,Vanilla Ice,0.07730834983269966,24.25,10,4,48,1,6.676923076923077,6.676923076923077,22.9,6.9,Singer,Witney Carson,-3.264218244321285,64.8,2304
24,Bonner Bolton,0.10956244827768015,28.4375,5,8,29,1,0.0,0.0,21.2,2.6,Athlete,Sharna Burgess,-0.4948782733174002,22.6,841
24,Charo,0.07190867472603156,23.333333333333332,11,3,66,0,2.805555555555556,2.805555555555556,22.9,8.4,Actor,Keo Motsepe,-4.054818558833566,11.700000000000001,4356
24,Chris Kattan,0.05808908007870745,19.5,12,2,46,1,6.676923076923077,6.676923076923077,24.0,2.6,Comedian,Witney Carson,-3.934859583747963,50.2,2116
24,David Ross,0.15293834306692475,31.28333,2,10,40,1,7.784615384615384,7.784615384615384,24.2,3.1,Athlete,Lindsay Arnold,0.9664109928346253,47.019999999999996,1600
24,Erika Jayne,0.08692804876949858,28.0,9,5,45,1,9.723076923076922,9.723076923076922,22.6,5.0,Singer,Gleb Savchenko,-2.3950258485159384,75.8,2025
24,Heather Morris,0.10195947648100108,32.833333333333336,8,6,30,1,0.0,0.0,25.3,2.8,Actor,Maksim Chmerkoskiy,-1.924040020872706,93.41666666666667,900
24,Mr. T,0.07234920889062688,23.5,10,4,64,1,6.476923076923077,6.476923076923077,23.4,4.4,Actor,Kym Herjavec,-1.9507361565702424,41.95,4096
24,Nancy Kerrigan,0.10780401176148217,32.5,7,7,47,1,12.541666666666666,12.541666666666666,20.5,1.0,Athlete,Artem Chigvintsev,0.2907872991315263,7.685714285714285,2209
24,Nick Viall,0.09916547344749323,29.071428571428573,6,7,36,1,2.7384615384615385,2.7384615384615385,22.3,1.2,TV,Peta Murgatroyd,-1.3977109735012,33.385714285714286,1296
24,Normani,0.1608232963575679,35.883320000000005,3,10,20,1,0.0,0.0,21.6,9.0,Singer,Valentin Chmerkovskiy,0.7502228289138719,35.9,400
24,Rashad Jennings,0.16045630368332228,35.16666,1,10,32,1,0.0,0.0,19.4,4.7,Athlete,Emma Slater,3.0342550696615715,93.92,1024
24,Simone Biles,0.14053738484511802,35.166666666666664,4,9,20,1,5.486111111111111,5.486111111111111,19.8,3.3,Athlete,Sasha Farber,0.07883682311642026,32.51111111111111,400
25,Barbara Corcoran,0.0591740616456284,15.5,13,2,68,1,2.805555555555556,2.805555555555556,21.1,2.5,Other,Keo Motsepe,-3.952388686421685,61.349999999999994,4624
25,Debbie Gibson,0.06915363999086946,18.75,12,2,47,1,5.846153846153846,5.846153846153846,21.8,6.6,Singer,Alan Bersten,-4.020111749317268,21.75,2209
25,Derek Fisher,0.07892303769305642,20.25,11,4,43,1,0.0,0.0,22.8,2.8,Athlete,Sharna Burgess,-1.3194304599098703,29.75,1849
25,Drew Scott,0.12420285388122812,25.2,4,10,39,0,0.0,0.0,25.2,2.6,TV,Emma Slater,4.280527854152969,71.52000000000001,1521
25,Frankie Muniz,0.1287132025378894,26.888869999999997,3,10,31,1,6.676923076923077,6.676923076923077,20.8,2.1,Actor,Witney Carson,0.9008414219243417,36.95,961
25,Jordan Fisher,0.1421154355627004,29.5,1,10,23,1,7.784615384615384,7.784615384615384,23.9,4.3,Actor,Lindsay Arnold,1.8750714570825935,25.4,529
25,Lindsey Stirling,0.1380847964964659,28.65,2,10,31,1,10.66153846153846,10.66153846153846,24.0,0.0,Other,Mark Ballas,1.2176157782359562,128.5,961
25,Nick Lachey,0.0855933209399692,21.333333333333332,9,6,43,1,2.7384615384615385,2.7384615384615385,23.3,6.0,Singer,Peta Murgatroyd,-2.1275502227980208,87.51666666666667,1849
25,Nikki Bella,0.09609457826977444,24.5,8,7,33,1,12.541666666666666,12.541666666666666,23.3,4.0,Athlete,Artem Chigvintsev,-1.2817781245019002,32.714285714285715,1089
25,Sasha Pieterse,0.0825329216420676,21.5,10,5,21,0,9.723076923076922,9.723076923076922,24.9,9.3,Actor,Gleb Savchenko,-2.376631774200322,22.02,441
25,Terrell Owens,0.09785080688110828,23.9375,6,8,43,1,5.490566037735849,5.490566037735849,21.3,0.4,Athlete,Cheryl Burke,-0.8705280174360566,79.7375,1849
25,Vanessa Lachey,0.09932016578907878,25.5,7,7,36,0,0.0,0.0,22.9,0.6,TV,Maksim Chmerkoskiy,-1.5106568841831831,6.042857142857143,1296
25,Victoria Arlen,0.1132839293178828,25.38888888888889,5,9,22,1,0.0,0.0,19.1,1.1,Athlete,Valentin Chmerkovskiy,1.6384864263789958,56.3,484
26,Adam Rippon,0.1953301820470941,32.75,1,4,28,1,11.291666666666666,11.291666666666666,21.5,3.9,Athlete,Jenna Johnson,0.509250555174755,48.175,784
26,Arike Ogunbowale,0.1044576769056424,27.5,7,2,21,1,9.723076923076922,9.723076923076922,19.6,3.6,Athlete,Gleb Savchenko,-1.9503532536117647,30.75,441
26,Chris Mazdzer,0.1259520657152546,29.0,5,3,29,1,6.676923076923077,6.676923076923077,23.1,3.9,Athlete,Witney Carson,-1.6715216361004506,27.133333333333336,841
26,Jamie Anderson,0.0794325723778223,19.0,10,1,27,1,12.541666666666666,12.541666666666666,20.4,3.6,Athlete,Artem Chigvintsev,-3.5711548447541204,44.1,729
26,Jennie Finch Daigle,0.12689067226858927,27.166666666666668,6,3,37,1,2.805555555555556,2.805555555555556,20.4,1.8,Athlete,Keo Motsepe,-2.45419790928367,42.73333333333333,1369
26,Johnny Damon,0.0841944828244347,18.0,9,1,44,1,0.0,0.0,19.4,3.5,Athlete,Emma Slater,-1.7646614353736048,1.4,1936
26,Josh Norman,0.18709765100916753,30.5,2,4,30,1,0.0,0.0,22.1,4.3,Athlete,Sharna Burgess,-0.8859620506692241,13.525,900
26,Kareem Abdul-Jabbar,0.09831632593291965,23.25,8,2,71,1,7.784615384615384,7.784615384615384,20.4,2.9,Athlete,Lindsay Arnold,-2.5293634008787422,57.6,5041
26,Mirai Nagasu,0.13737547350485327,31.666666666666668,4,3,25,1,5.846153846153846,5.846153846153846,22.5,1.3,Athlete,Alan Bersten,-1.7464817908961796,66.76666666666667,625
26,Tonya Harding,0.18261474310737008,29.75,3,4,47,1,5.486111111111111,5.486111111111111,21.7,1.3,Athlete,Sasha Farber,-1.3423479333198858,55.95,2209
27,Alexis Ren,0.1292161704887814,26.5,4,9,21,1,5.846153846153846,5.846153846153846,25.3,2.0,SocialMedia,Alan Bersten,0.46897467668633563,72.6888888888889,441
27,Bobby Bones,0.12158792676987715,22.38888888888889,1,9,38,1,0.0,0.0,23.0,1.3,Other,Sharna Burgess,1.3846916026906435,67.77777777777777,1444
27,Danelle Umstead,0.0700149396676054,18.25,12,2,46,1,12.541666666666666,12.541666666666666,21.1,0.0,Athlete,Artem Chigvintsev,-4.355675439533315,5.65,2116
27,DeMarcus Ware,0.10353977116212475,24.714285714285715,7,7,36,1,7.784615384615384,7.784615384615384,21.7,0.7,Athlete,Lindsay Arnold,-1.7279497336121603,30.3,1296
27,Evanna Lynch,0.1229043924825254,26.055555555555557,3,9,27,0,2.805555555555556,2.805555555555556,23.8,2.8,Actor,Keo Motsepe,0.27618749552026645,45.266666666666666,729
27,Joe Amabile,0.1062301735745567,18.75,6,8,32,1,11.291666666666666,11.291666666666666,26.5,3.2,TV,Jenna Johnson,-0.3106366205268893,69.675,1024
27,John Schneider,0.09227139635206004,21.642857142857142,8,7,58,1,0.0,0.0,21.8,3.6,Actor,Emma Slater,-0.3826264741097702,27.228571428571428,3364
27,Juan Pablo Di Pace,0.11374057948426806,27.375,5,8,39,0,5.490566037735849,5.490566037735849,23.2,5.0,Actor,Cheryl Burke,-0.6774558833258058,40.9375,1521
27,Mary Lou Retton,0.09233120199576549,23.666666666666668,9,6,50,1,5.486111111111111,5.486111111111111,22.3,0.6,Athlete,Sasha Farber,-2.51322850710237,34.0,2500
27,Milo Manheim,0.13032208868181472,27.27777777777778,2,9,17,1,6.676923076923077,6.676923076923077,25.1,5.9,Actor,Witney Carson,0.9881242011295911,33.63333333333333,289
27,Nancy McKeon,0.07582561058659533,20.666666666666668,11,3,52,1,0.0,0.0,23.6,5.0,Actor,Valentin Chmerkovskiy,-3.6183875434698867,51.6,2704
27,Nikki Glaser,0.0549068166903277,17.5,13,1,34,1,9.723076923076922,9.723076923076922,21.8,1.7,Comedian,Gleb Savchenko,-4.742406767857052,93.2,1156
27,Tinashe,0.08921996434079993,25.5,10,4,25,1,6.964912280701754,6.964912280701754,25.6,8.6,Singer,Brandon Armstrong,-2.905709101578851,75.1,625
28,Ally Brooke,0.11774438769638323,27.318181818181817,3,11,26,1,5.486111111111111,5.486111111111111,20.8,6.2,Singer,Sasha Farber,3.655477149235705,31.854545454545452,676
28,Hannah Brown,0.12239447486017575,26.77270909090909,1,11,24,1,5.846153846153846,5.846153846153846,21.1,2.0,TV,Alan Bersten,1.7790009610957631,160.6909090909091,576
28,James Van Der Beek,0.19739058000689363,26.549979999999998,5,10,42,1,0.0,0.0,22.5,5.3,Actor,Emma Slater,0.4358681701250456,86.89,1764
28,Karamo Brown,0.09856390940989089,21.5,8,7,38,1,11.291666666666666,11.291666666666666,21.8,0.1,TV,Jenna Johnson,-0.6447464460853839,34.285714285714285,1444
28,Kate Flannery,0.047826554902308825,23.374975,7,8,55,1,4.647887323943662,4.647887323943662,26.9,3.9,Actor,Pasha Pashkov,-1.177167733191949,6.2,3025
28,Kel Mitchell,0.0891540143594692,26.409072727272726,2,11,41,1,6.676923076923077,6.676923076923077,24.4,1.7,Actor,Witney Carson,2.1639193009066076,75.4090909090909,1681
28,Lamar Odom,0.017702804983872174,13.75,10,4,39,1,2.7384615384615385,2.7384615384615385,19.9,0.0,Athlete,Peta Murgatroyd,-3.1374192018214164,10.175,1521
28,Lauren Alaina,0.25044231825615415,25.5,4,11,24,1,9.723076923076922,9.723076923076922,22.8,6.7,Singer,Gleb Savchenko,1.1095958492903162,90.98181818181818,576
28,Mary Wilson,0.045042476484665556,16.0,12,2,75,1,6.964912280701754,6.964912280701754,24.0,5.4,Singer,Brandon Armstrong,-4.0887820695210895,0.3,5625
28,Ray Lewis,0.02526890008006355,15.0,11,2,44,1,5.490566037735849,5.490566037735849,19.4,0.6,Athlete,Cheryl Burke,-3.5966410438327134,68.3,1936
28,Sailor Brinkley-Cook,0.12194326848711556,23.5,9,6,21,1,0.0,0.0,20.3,0.0,Model,Valentin Chmerkovskiy,-2.6320290234637143,51.96666666666667,441
28,Sean Spicer,0.0703726293290786,18.88888888888889,6,9,48,1,7.784615384615384,7.784615384615384,24.1,1.2,Other,Lindsay Arnold,-0.7780792770689761,33.86666666666667,2304
29,AJ McLean,0.09535934271298833,23.444422222222222,7,9,42,1,5.490566037735849,5.490566037735849,24.3,3.6,Singer,Cheryl Burke,-1.165138307647859,49.733333333333334,1764
29,Anne Heche,0.035339642812389827,18.0,13,4,51,1,2.805555555555556,2.805555555555556,18.8,4.8,Actor,Keo Motsepe,-4.021759805010122,64.975,2601
29,Carole Baskin,0.005472604015393867,13.0,14,3,59,1,4.647887323943662,4.647887323943662,24.8,0.7,TV,Pasha Pashkov,-4.7411924040050835,9.566666666666666,3481
29,Charles Oakley,0.004617756090201449,13.5,15,2,56,1,0.0,0.0,21.8,1.2,Athlete,Emma Slater,-4.772945654217205,20.9,3136
29,Chrishell Stause,0.036550552081512276,21.375,8,8,39,1,9.723076923076922,9.723076923076922,22.3,6.3,Actor,Gleb Savchenko,-1.3987195481698216,52.6375,1521
29,Jeannie Mai,0.10111853364223651,21.857142857142858,9,7,41,1,6.964912280701754,6.964912280701754,22.1,2.5,TV,Brandon Armstrong,-2.5011615209593256,65.62857142857142,1681
29,Jesse Metcalfe,0.05968753332410546,19.6,12,5,41,1,0.0,0.0,19.1,5.5,Actor,Sharna Burgess,-3.1399235227877584,47.88,1681
29,Johnny Weir,0.04798099776238992,25.05,6,10,36,1,6.661971830985915,6.661971830985915,23.0,2.3,Athlete,Britt Stewart,-0.6615763911045731,24.29,1296
29,Justina Machado,0.15869417269585903,25.090872727272725,4,11,48,1,5.486111111111111,5.486111111111111,26.0,3.1,Actor,Sasha Farber,0.986077587504397,21.763636363636365,2304
29,Kaitlyn Bristowe,0.10976966889513226,26.0,1,11,35,0,12.541666666666666,12.541666666666666,23.4,1.4,TV,Artem Chigvintsev,6.298062544479123,88.52727272727272,1225
29,Monica Aldama,0.11451271880148543,22.142857142857142,10,7,48,1,0.0,0.0,25.5,0.0,TV,Valentin Chmerkovskiy,-1.8873224251502454,17.757142857142856,2304
29,Nelly,0.1395909845087911,22.954545454545453,3,11,45,1,13.23943661971831,13.23943661971831,20.1,5.1,Singer,Daniella Karagach,1.0971499358964514,60.60909090909092,2025
29,Nev Schulman,0.13444613418670695,26.363618181818183,2,11,35,1,11.291666666666666,11.291666666666666,21.4,2.9,Other,Jenna Johnson,1.804114808245653,47.154545454545456,1225
29,Skai Jackson,0.1256057777440934,23.54996,5,10,18,1,5.846153846153846,5.846153846153846,22.6,4.0,Actor,Alan Bersten,0.20334427332014632,91.47,324
29,Veron Davis,0.028519141918676768,20.166666666666668,11,6,36,1,2.7384615384615385,2.7384615384615385,21.6,2.4,Athlete,Peta Murgatroyd,-3.1634457219587007,23.066666666666666,1296
30,Amanda Kloots,0.09466273866416024,34.95,4,10,39,1,5.846153846153846,5.846153846153846,22.1,2.9,TV,Alan Bersten,0.84513944087784,24.05,1521
30,Brian Austin Green,0.0304528505998825,23.0,13,4,48,1,0.0,0.0,18.5,6.3,Actor,Sharna Burgess,-0.13655128203281983,34.575,2304
30,Christine Chiu,0.0269149886077522,23.333333333333332,14,3,38,0,4.647887323943662,4.647887323943662,27.7,3.0,TV,Pasha Pashkov,-4.432535347402138,40.333333333333336,1444
30,Cody Rigsby,0.12428593256817641,31.05,3,10,34,1,5.490566037735849,5.490566037735849,24.5,2.5,Other,Cheryl Burke,0.7646370875118684,28.46,1156
30,Iman Shumpert,0.10908599425057086,31.1,1,10,31,1,13.23943661971831,13.23943661971831,19.7,0.7,Athlete,Daniella Karagach,2.2670215260331235,96.59,961
30,Jimmie Allen,0.053155472516505,30.4375,7,8,36,1,0.0,0.0,23.4,6.1,Singer,Emma Slater,0.7909465413579553,32.3375,1296
30,JoJo Siwa,0.15255411757687962,35.9,2,10,18,1,11.291666666666666,11.291666666666666,21.5,3.5,SocialMedia,Jenna Johnson,1.4217620650827845,52.48,324
30,Kenya Moore,0.10295385013969384,28.083333333333332,10,6,50,1,6.964912280701754,6.964912280701754,24.4,1.6,TV,Brandon Armstrong,-1.9687951773827062,37.1,2500
30,Martin Kove,0.0039302413194475,14.0,15,2,75,1,6.661971830985915,6.661971830985915,23.6,3.5,Actor,Britt Stewart,-5.143397782700242,77.1,5625
30,Matt James,0.02722089802387665,23.625,12,4,29,1,7.784615384615384,7.784615384615384,19.0,0.8,Athlete,Lindsay Arnold,-3.0589523191201637,87.2,841
30,Melanie C,0.11067706636216279,29.6,11,5,47,0,9.723076923076922,9.723076923076922,19.2,6.3,Singer,Gleb Savchenko,-2.4164102296966554,48.260000000000005,2209
30,Melora Hardin,0.05511338231244624,33.166666666666664,6,9,54,1,12.541666666666666,12.541666666666666,27.8,5.4,Actor,Artem Chigvintsev,-0.17536068582974002,55.98888888888889,2916
30,"Mike ""The Miz"" Mizanin",0.06551356195337472,28.928571428571427,9,7,40,1,6.676923076923077,6.676923076923077,20.6,1.2,Athlete,Witney Carson,-2.432170820094091,30.599999999999998,1600
30,Olivia Jade,0.03920078520132325,32.625,8,8,21,1,0.0,0.0,21.5,3.8,SocialMedia,Valentin Chmerkovskiy,-1.724525832829743,66.3125,441
30,Suni Lee,0.22335976195196594,32.94444444444444,5,9,18,1,5.486111111111111,5.486111111111111,22.9,0.1,Athlete,Sasha Farber,1.6572853006910107,52.5,324
31,Charli D'Amelio,0.04480649789547275,37.9,1,10,18,1,10.66153846153846,10.66153846153846,24.2,1.0,SocialMedia,Mark Ballas,2.4559035731709384,69.52000000000001,324
31,Cheryl Ladd,0.015555253947648234,22.0,14,3,71,1,0.0,0.0,21.2,2.0,Actor,Louis van Amstel,-4.72538585342218,12.966666666666667,5041
31,Daniel Durant,0.12635197364316542,32.611111111111114,5,9,32,1,6.661971830985915,6.661971830985915,23.1,2.9,Actor,Britt Stewart,-0.18780760655404796,97.97777777777777,1024
31,Gabby Windey,0.2766877711829401,36.25,2,10,31,1,0.0,0.0,24.8,2.7,TV,Valentin Chmerkovskiy,1.3404545059513975,31.72,961
31,Heidi D'Amelio,0.06361240407361177,32.875,8,8,50,1,12.541666666666666,12.541666666666666,20.1,0.8,SocialMedia,Artem Chigvintsev,-1.2694822669841004,22.1375,2500
31,Jason Lewis,0.0029031416103227,18.0,16,1,51,1,2.7384615384615385,2.7384615384615385,24.0,2.3,Actor,Peta Murgatroyd,-5.356060692164876,14.5,2601
31,Jessie James Decker,0.018805402130165214,28.333333333333332,10,6,34,0,5.846153846153846,5.846153846153846,21.4,5.2,Singer,Alan Bersten,-2.954074634425163,4.816666666666666,1156
31,Jordin Sparks,0.07322022991524414,31.428571428571427,9,7,32,1,6.964912280701754,6.964912280701754,22.3,4.8,Singer,Brandon Armstrong,-0.9913770041343967,42.01428571428572,1024
31,Joseph Baena,0.03447516903854564,27.8,11,5,24,1,13.23943661971831,13.23943661971831,22.5,2.2,Actor,Daniella Karagach,-3.5851685313965467,42.38,576
31,Sam Champion,0.015430902606483976,24.0,13,4,61,1,5.490566037735849,5.490566037735849,22.4,3.3,Other,Cheryl Burke,-4.180726236856083,36.05,3721
31,Selma Blair,0.18517785546413354,31.2,12,5,50,1,5.486111111111111,5.486111111111111,23.4,3.6,Actor,Sasha Farber,-3.552084730429988,103.84,2500
31,Shangela,0.18097797929736706,34.55,4,10,40,1,9.723076923076922,9.723076923076922,22.0,2.7,TV,Gleb Savchenko,0.01654701097436586,38.46,1600
31,Teresa Giudice,0.006784505454490251,21.5,15,2,50,1,4.647887323943662,4.647887323943662,22.5,1.8,TV,Pasha Pashkov,-5.186631652819408,27.700000000000003,2500
31,Trevor Donovan,0.04939148312503556,31.833333333333332,6,9,39,1,0.0,0.0,25.3,1.9,Actor,Emma Slater,-0.30755360221204714,68.22222222222223,1521
31,Vinny Guadagnino,0.0327981145667534,26.9375,7,8,34,1,6.640625,6.640625,22.6,0.5,TV,Koko Iwasaki,-1.1519827886625587,52.375,1156
31,Wayne Brady,0.0773801586716186,36.25,3,10,50,1,6.676923076923077,6.676923076923077,20.9,2.5,Comedian,Witney Carson,2.2331191711331444,9.74,2500
32,Adrian Peterson,0.09354199642029459,19.0,11,4,38,1,6.661971830985915,6.661971830985915,21.0,2.3,Athlete,Britt Stewart,-3.679726043407875,74.725,1444
32,Alyson Hannigan,0.1617117080225685,25.545454545454547,5,11,49,1,5.486111111111111,5.486111111111111,24.4,4.0,Actor,Sasha Farber,-0.003081486990591338,52.67272727272727,2401
32,Ariana Madix,0.2023233382486693,30.863636363636363,3,11,38,1,4.647887323943662,4.647887323943662,22.5,1.4,TV,Pasha Pashkov,1.7722520187795183,67.77272727272727,1444
32,Barry Williams,0.10679466693628627,24.6875,7,8,68,1,2.7384615384615385,2.7384615384615385,20.5,1.8,Actor,Peta Murgatroyd,-1.022567933615041,42.3375,4624
32,Charity Lawson,0.10516855775803952,30.636363636363637,4,11,27,1,12.541666666666666,12.541666666666666,23.3,1.3,TV,Artem Chigvintsev,3.021302536579851,70.56363636363636,729
32,Harry Jowsey,0.07256874704140465,23.22222222222222,6,9,26,0,19.211267605633804,19.211267605633804,22.7,1.7,TV,Rylee Arnold,0.2970039832220098,22.677777777777777,676
32,Jamie Lynn Spears,0.01554925641807485,15.5,13,2,32,1,5.846153846153846,5.846153846153846,22.5,0.0,Actor,Alan Bersten,-4.6128482104689414,36.7,1024
32,Jason Mraz,0.10207718283194245,30.863636363636363,2,11,46,1,13.23943661971831,13.23943661971831,20.3,6.6,Singer,Daniella Karagach,1.508873208112706,36.35454545454545,2116
32,Lele Pons,0.16130858866303768,26.642857142857142,8,7,27,0,6.964912280701754,6.964912280701754,19.0,2.0,SocialMedia,Brandon Armstrong,-1.5114930158677204,78.44285714285715,729
32,Matt Walsh,0.0053262041284971,12.0,14,1,58,1,6.640625,6.640625,22.2,1.1,Comedian,Koko Iwasaki,-5.281090215830637,56.7,3364
32,Mauricio Umansky,0.058760293099854734,21.0,9,6,53,0,0.0,0.0,20.3,4.1,TV,Emma Slater,-2.330494236766327,12.283333333333331,2809
32,Mira Sorvino,0.08254888980587241,20.8,10,5,55,1,9.723076923076922,9.723076923076922,22.3,2.7,Actor,Gleb Savchenko,-2.619964022082302,23.52,3025
32,Tyson Beckford,0.01564218014897077,16.666666666666668,12,3,52,1,11.291666666666666,11.291666666666666,18.8,0.0,Model,Jenna Johnson,-3.183476955025478,42.199999999999996,2704
32,Xochitl Gomez,0.07785906493646864,31.727272727272727,1,11,17,1,0.0,0.0,23.2,1.2,Actor,Valentin Chmerkovskiy,3.5298470498777417,46.41818181818182,289
33,Anna Delvey,0.02088826078585845,17.5,12,2,33,0,17.774647887323944,17.774647887323944,23.8,1.5,Other,Ezra Sosa,-4.326487533196822,15.5,1089
33,Brooks Nader,0.02786652844057645,25.125,9,4,27,1,9.723076923076922,9.723076923076922,21.5,2.3,Model,Gleb Savchenko,-2.9324160373810972,42.125,729
33,Chandler Kinney,0.08535737651702881,29.055555555555557,3,9,24,1,6.964912280701754,6.964912280701754,19.3,4.4,Actor,Brandon Armstrong,0.3423495473710036,63.36666666666666,576
33,Danny Amendola,0.1021141884186165,26.77777777777778,5,9,39,1,6.676923076923077,6.676923076923077,19.7,1.4,Athlete,Witney Carson,1.4125850947576772,115.13333333333334,1521
33,Dwight Howard,0.23673506793053137,25.428571428571427,6,7,38,1,13.23943661971831,13.23943661971831,21.0,1.5,Athlete,Daniella Karagach,-1.0053250948686177,51.65714285714286,1444
33,Eric Roberts,0.01767346046979777,17.666666666666668,10,3,68,1,6.661971830985915,6.661971830985915,22.9,4.9,Actor,Britt Stewart,-3.275017915872102,79.96666666666667,4624
33,Ilona Maher,0.1357971559153519,25.77777777777778,2,9,28,1,5.846153846153846,5.846153846153846,21.1,2.3,Athlete,Alan Bersten,0.773634759114603,69.02222222222223,784
33,Jenn Tran,0.10097635575725404,26.25,7,6,26,1,5.486111111111111,5.486111111111111,22.8,1.6,TV,Sasha Farber,-0.3490066148787783,28.350000000000005,676
33,Joey Graziadei,0.11769816958047397,28.666666666666668,1,9,29,1,11.291666666666666,11.291666666666666,24.4,0.0,TV,Jenna Johnson,3.6241215563910094,116.91111111111111,841
33,Phaedra Parks,0.0663359391246557,24.8,8,5,51,1,14.52112676056338,14.52112676056338,18.0,3.1,TV,Val Chmerkovskiy,-2.472238151125949,15.660000000000002,2601
33,Reginald VelJohnson,0.0186271203540523,17.333333333333332,10,3,74,1,0.0,0.0,22.0,2.1,Actor,Emma Slater,-3.407248455695761,29.5,5476
33,Stephen Nedoroscik,0.239341298180331,26.88888888888889,4,9,26,1,19.211267605633804,19.211267605633804,22.7,2.6,Athlete,Rylee Arnold,0.02348376622162081,41.53333333333333,676
33,Tori Spelling,0.0101993095038411,18.0,12,2,51,1,4.647887323943662,4.647887323943662,21.3,6.2,Actor,Pasha Pashkov,-3.8222352765169045,38.0,2601
34,Alix Earle,0.12272041340693572,30.136363636363637,2,11,24,1,0.0,0.0,22.9,1.8,SocialMedia,Val Chmerkovskiy (Joey Graziadei week 9),1.8004838408682282,15.57272727272727,576
34,Andy Richter,0.04422646533842263,22.666666666666668,7,9,59,1,1.2820512820512822,1.2820512820512822,21.7,2.5,Comedian,Emma Slater/Kaitlyn Bristowe (week 9),-0.7678276083417164,72.61111111111111,3481
34,Baron Davis,0.011402662461180251,14.0,13,2,46,1,6.661971830985915,6.661971830985915,21.6,2.7,Athlete,Britt Stewart,-4.514731636689838,68.7,2116
34,Corey Feldman,0.0053262041284971,12.0,13,2,54,1,11.291666666666666,11.291666666666666,22.7,4.1,Actor,Jenna Johnson,-4.593343372635067,32.05,2916
34,Danielle Fishel,0.0897993210041798,26.25,8,8,44,1,4.647887323943662,4.647887323943662,23.7,7.4,Actor,Pasha Pashkov,-0.9724497113455253,43.6,1936
34,Dylan Efron,0.10685065576823606,28.98483636363636,4,11,33,1,1.2820512820512822,1.2820512820512822,26.7,1.5,TV,Daniella Karagach (Rumer Willis week 9),1.2333812217001487,113.82727272727271,1089
34,Elaine Hendrix,0.1506350206438108,27.909072727272726,5,11,55,1,0.0,0.0,19.0,8.7,Actor,Alan Bersten (Rashad Jennings week 9),0.2720375003636924,41.58181818181818,3025
34,Hilaria Baldwin,0.11211267459130267,20.0,11,4,41,1,9.723076923076922,9.723076923076922,23.2,2.9,Other,Gleb Savchenko,-3.484824912060832,70.625,1681
34,Jen Affleck,0.09570938706329894,24.428571428571427,9,7,26,1,16.012820512820515,16.012820512820515,18.1,0.8,TV,Jan Ravnik,-1.7363326383561513,50.51428571428572,676
34,Jordan Chiles,0.06831292840754423,29.5606,3,11,24,1,0.0,0.0,20.5,0.0,Athlete,Ezra Sosa (Apolo Anton Ohno week 9),1.201194893578557,49.154545454545456,576
34,Lauren Jauregui,0.0745957737910789,17.333333333333332,12,3,29,1,6.964912280701754,6.964912280701754,18.6,7.7,Singer,Brandon Armstrong,-4.194056253852882,42.13333333333333,841
34,Robert Irwin,0.22092306511432175,30.196963636363638,1,11,22,0,0.0,0.0,18.5,0.6,Other,Witney Carson (Xoshitl Gomez week 9),1.731219254246757,15.554545454545455,484
34,Scott Hoying,0.03660154427338912,21.5,10,6,34,1,19.211267605633804,19.211267605633804,23.6,5.4,Singer,Rylee Arnold,-1.7923411054334466,124.45,1156
34,Whitney Leavitt,0.09244335991701906,31.05,6,10,32,1,10.66153846153846,10.66153846153846,25.7,1.8,TV,Mark Ballas,-0.6433873268363925,58.55,1024
