celebrity_name,ballroom_partner,season,placement,avg_judge_score,max_judge_score,weeks_survived,age,country,celeb_popularity,partner_popularity,is_us,region_group,age_squared,celeb_pop_log,partner_pop_log,avg_fan_vote_share,avg_cv
John O'Hurley,Charlotte Jorgensen,1,2,24.166666666666668,27.0,6,50,United States,0.0,0.0,1,US,2500,0.0,0.0,0.3894544853557724,0.18575844851651266
Kelly Monaco,Alec Mazo,1,1,21.333333333333332,27.5,6,29,United States,20.83333333333333,0.0,1,US,841,3.083437853973096,0.0,0.1945417120314331,0.09668550125172641
Evander Holyfield,Edyta Sliwinska,1,5,15.0,18.0,3,42,United States,2.7777777777777777,0.0,1,US,1764,1.329135947279942,0.0,0.11765734261280136,0.16443446214983154
Rachel Hunter,Jonathan Roberts,1,4,23.75,26.0,4,35,New Zealand,24.75,0.0,0,English_Speaking,1225,3.248434627109745,0.0,0.21450210600476108,0.20648578147364946
Joey McIntyre,Ashly DelGrosso,1,3,21.1,22.5,5,32,United States,7.25,2.7777777777777777,1,US,1024,2.1102132003465894,1.329135947279942,0.224447039270364,0.19389853694600917
Trista Sutter,Louis van Amstel,1,6,18.5,19.0,2,32,United States,2.7777777777777777,0.0,1,US,1024,1.329135947279942,0.0,0.08140358373374935,0.2276852207769122
Tatum O'Neal,Nick Kosovich,2,9,20.0,23.0,2,42,United States,0.0,1.8867924528301887,1,US,1764,0.0,1.0601460078403135,0.1136366782383015,0.34781315878587393
Tia Carrere,Maksim Chmerkoskiy,2,6,23.0,26.0,5,39,United States,16.71698113207547,0.0,1,US,1521,2.874523565656141,0.0,0.08996044132410377,0.2486189548621692
George Hamilton,Edyta Sliwinska,2,5,21.666666666666668,24.0,6,66,United States,10.716981132075473,5.490566037735849,1,US,4356,2.461039168381357,1.8703497438212766,0.06714027528864436,0.2153408139259628
Lisa Rinna,Louis van Amstel,2,4,24.071428571428573,27.0,7,42,United States,28.32075471698113,0.0,1,US,1764,3.378295617375471,0.0,0.09922470887927645,0.14736822712525344
Stacy Keibler,Tony Dovolani,2,3,27.520812499999998,30.0,8,26,United States,38.943396226415096,1.8867924528301887,1,US,676,3.6874633575827436,1.0601460078403135,0.22110647155785718,0.14512082003815688
Jerry Rice,Anna Trebunskaya,2,2,22.520825000000002,26.666600000000003,8,43,United States,27.0377358490566,1.8867924528301887,1,US,1849,3.3335513117255826,1.0601460078403135,0.1637997028407046,0.16958109599754573
Giselle Fernandez,Jonathan Roberts,2,8,23.0,24.0,3,44,Mexico,7.169811320754717,0.0,0,Other,1936,2.100445814450368,0.0,0.1301466689331336,0.3293805143741218
Master P,Ashly DelGrosso,2,7,12.5,16.0,4,35,United States,15.075471698113208,6.056603773584905,1,US,1225,2.777294613277194,1.95396388386241,0.038676808919085974,0.3025625618651608
Drew Lachey,Cheryl Burke,2,1,27.437475,30.0,8,29,United States,9.547169811320757,5.490566037735849,1,US,841,2.3558575596029776,1.8703497438212766,0.3228477611819114,0.13212497459756056
Kenny Mayne,Andrea Hale,2,10,13.0,13.0,1,46,United States,4.509433962264151,1.8867924528301887,1,US,2116,1.7064618887161598,1.0601460078403135,0.0183310958965449,0.4249154490653158
Harry Hamlin,Ashly DelGrosso,3,9,20.0,22.0,3,54,United States,6.769230769230769,2.7777777777777777,1,US,2916,2.0501711593797225,1.329135947279942,0.0880506235133744,0.0180792503802652
Vivica A. Fox,Nick Kosovich,3,8,24.25,27.0,4,42,United States,1.5384615384615383,1.8867924528301887,1,US,1764,0.9315582040049435,1.0601460078403135,0.1100419101071369,0.013729296225790999
Monique Coleman,Louis van Amstel,3,4,24.9375,27.0,8,25,United States,9.446153846153846,0.0,1,US,625,2.346233857663059,0.0,0.15181676811048106,0.01638655966008959
Joey Lawrence,Edyta Sliwinska,3,3,25.88888888888889,29.5,9,30,United States,0.0,0.0,1,US,900,0.0,0.0,0.17595794871688059,0.009610608089251156
Mario Lopez,Karina Smirnoff,3,2,26.866660000000003,29.666600000000003,10,32,United States,4.907692307692308,4.907692307692308,1,US,1024,1.7762552826920899,1.7762552826920899,0.2191975793139452,0.01081775244573593
Emmitt Smith,Cheryl Burke,3,1,25.76666,29.666600000000003,10,37,United States,5.490566037735849,5.490566037735849,1,US,1369,1.8703497438212766,1.8703497438212766,0.20866612258234873,0.01000504554431768
Shanna Moakler,Jesse DeSoto,3,10,20.0,22.0,2,31,United States,0.0,0.0,1,US,961,0.0,0.0,0.08175101382999361,0.0247702096509218
Willa Ford,Maksim Chmerkoskiy,3,7,24.4,28.0,5,25,United States,0.0,0.0,1,US,625,0.0,0.0,0.11624954483156325,0.0169005047475971
Sara Evans,Tony Dovolani,3,6,21.0,25.0,5,35,United States,1.8867924528301887,1.8867924528301887,1,US,1225,1.0601460078403135,1.0601460078403135,0.10505463915644156,0.0208667987966173
Jerry Springer,Kym Johnson,3,5,20.428571428571427,24.0,7,62,England,6.723076923076923,6.723076923076923,0,English_Speaking,3844,2.044212849796092,2.044212849796092,0.12746534206987864,0.015837755909617772
Tucker Carlson,Elena Grinenko,3,11,12.0,12.0,1,37,United States,0.0,0.0,1,US,1369,0.0,0.0,0.0566074446434523,0.0362221742757719
John Ratzenberger,Edyta Sliwinska,4,6,19.071428571428573,22.5,7,59,United States,0.0,0.0,1,US,3481,0.0,0.0,0.10290728110401257,0.017524854320082845
Ian Ziering,Cheryl Burke,4,4,24.27777777777778,29.0,9,42,United States,5.490566037735849,5.490566037735849,1,US,1764,1.8703497438212766,1.8703497438212766,0.14444156997590382,0.010392841754477487
Clyde Drexler,Elena Grinenko,4,8,15.6,18.0,5,44,United States,0.0,0.0,1,US,1936,0.0,0.0,0.09360381142637753,0.025554411584483
Laila Ali,Maksim Chmerkoskiy,4,3,26.23332,30.0,10,29,United States,0.0,0.0,1,US,841,0.0,0.0,0.17272763716615894,0.01038066161939587
Apolo Anton Ohno,Julianne Hough,4,1,26.883319999999998,30.0,10,24,United States,14.6,14.6,1,US,576,2.747270914255491,2.747270914255491,0.1745896181420613,0.01193125687134665
Shandi Finnessey,Brian Fortuna,4,10,20.0,21.0,3,28,United States,4.2615384615384615,4.2615384615384615,1,US,784,1.660423467166968,1.660423467166968,0.08703912373225393,0.02442502022080283
Paulina Porizkova,Alec Mazo,4,11,20.0,21.0,2,41,Czechoslovakia,0.0,0.0,0,Other,1681,0.0,0.0,0.08357111945853904,0.020025405317774497
Heather Mills,Jonathan Roberts,4,7,22.166666666666668,24.0,6,39,England,0.0,0.0,0,English_Speaking,1521,0.0,0.0,0.10507539613198998,0.017230201961863516
Billy Ray Cyrus,Karina Smirnoff,4,5,19.0,21.0,8,45,United States,4.907692307692308,4.907692307692308,1,US,2025,1.7762552826920899,1.7762552826920899,0.10908238216282537,0.017183172499896014
Joey Fatone,Kym Johnson,4,2,26.76665,30.0,10,30,United States,6.723076923076923,6.723076923076923,1,US,900,2.044212849796092,2.044212849796092,0.17704925550193212,0.00953039342885577
Leeza Gibbons,Tony Dovolani,4,9,19.0,24.0,4,50,United States,1.8867924528301887,1.8867924528301887,1,US,2500,1.0601460078403135,1.0601460078403135,0.0841549232617453,0.015604119515759324
Cameron Mathison,Edyta Sliwinska,5,5,24.25,27.0,8,38,Canada,0.0,0.0,0,English_Speaking,1444,0.0,0.0,0.12295687359860988,0.010930304516761425
Jane Seymour,Tony Dovolani,5,6,24.428571428571427,27.0,7,56,England,1.8867924528301887,1.8867924528301887,0,English_Speaking,3136,1.0601460078403135,1.0601460078403135,0.1214010354469689,0.013387878671701272
Sabrina Bryan,Mark Ballas,5,7,27.0,30.0,6,23,United States,10.66153846153846,10.66153846153846,1,US,529,2.4562961157467345,2.4562961157467345,0.12040166408720222,0.010316471536623267
Jennie Garth,Derek Hough,5,4,25.27777777777778,29.0,9,35,United States,13.261538461538462,13.261538461538462,1,US,1225,2.657566295670218,2.657566295670218,0.13825614692314056,0.010092532512558611
Floyd Mayweather Jr. ,Karina Smirnoff,5,9,20.75,23.0,4,30,United States,4.907692307692308,4.907692307692308,1,US,900,1.7762552826920899,1.7762552826920899,0.08218312589017818,0.0171265591187795
Josie Maran,Alec Mazo,5,12,16.0,16.0,1,29,United States,0.0,0.0,1,US,841,0.0,0.0,0.0622560932911165,0.0134639310142266
Albert Reed,Anna Trebunskaya,5,11,21.0,21.0,2,22,United States,1.8867924528301887,1.8867924528301887,1,US,484,1.0601460078403135,1.0601460078403135,0.07482135576457954,0.01888059922039155
Helio Castroneves,Julianne Hough,5,1,26.649990000000003,30.0,10,32,Brazil,14.6,14.6,0,Other,1024,2.747270914255491,2.747270914255491,0.16745324265676992,0.008035431642887909
Mel B,Maksim Chmerkoskiy,5,2,27.23332,30.0,10,32,England,0.0,0.0,0,English_Speaking,1024,0.0,0.0,0.1702642642795901,0.00861001886173383
Wayne Newton,Cheryl Burke,5,10,17.333333333333332,19.0,3,65,United States,5.490566037735849,5.490566037735849,1,US,4225,1.8703497438212766,1.8703497438212766,0.08626494065455441,0.021667834295820167
Marie Osmond,Jonathan Roberts,5,3,24.25,28.0,10,47,United States,0.0,0.0,1,US,2209,0.0,0.0,0.15657730846474407,0.01145679687193087
Mark Cuban,Kym Johnson,5,8,20.4,22.0,5,49,United States,6.723076923076923,6.723076923076923,1,US,2401,2.044212849796092,2.044212849796092,0.09148963437903315,0.01412638798019342
Cristian de la Fuente,Cheryl Burke,6,3,24.75,28.5,10,34,Chile,5.490566037735849,5.490566037735849,0,Other,1156,1.8703497438212766,1.8703497438212766,0.15782589087334556,0.016979512711016102
Steve Guttenberg,Anna Trebunskaya,6,10,18.333333333333332,21.0,3,49,United States,1.8867924528301887,1.8867924528301887,1,US,2401,1.0601460078403135,1.0601460078403135,0.0786917025077427,0.04671441232103587
Priscilla Presley,Louis van Amstel,6,8,22.8,26.0,5,62,United States,0.0,0.0,1,US,3844,0.0,0.0,0.10507459972484748,0.017886426365328438
Marlee Matlin,Fabian Sanchez,6,7,22.333333333333332,24.0,6,42,United States,2.953846153846154,2.953846153846154,1,US,1764,1.3746888149995826,1.3746888149995826,0.10591044960121619,0.013978422722138216
Shannon Elizabeth,Derek Hough,6,6,24.214285714285715,28.0,7,34,United States,13.261538461538462,13.261538461538462,1,US,1156,2.657566295670218,2.657566295670218,0.1150166909349379,0.012404932460168343
Marissa Jaret Winokur,Tony Dovolani,6,4,23.22222222222222,26.0,9,35,United States,1.8867924528301887,1.8867924528301887,1,US,1225,1.0601460078403135,1.0601460078403135,0.13199851210919505,0.01640023100387782
Jason Taylor,Edyta Sliwinska,6,2,26.15,29.0,10,33,United States,0.0,0.0,1,US,1089,0.0,0.0,0.1641111842427303,0.01117125846663651
Kristi Yamaguchi,Mark Ballas,6,1,28.2,30.0,10,36,United States,10.66153846153846,10.66153846153846,1,US,1296,2.4562961157467345,2.4562961157467345,0.1791988237692424,0.0142920946705653
Monica Seles,Jonathan Roberts,6,11,15.0,15.0,2,34,Yugoslavia,0.0,0.0,0,Other,1156,0.0,0.0,0.06290310541440534,0.0278127850045192
Penn Jillette,Kym Johnson,6,12,16.5,17.0,2,53,United States,6.723076923076923,6.723076923076923,1,US,2809,2.044212849796092,2.044212849796092,0.0610696673883922,0.03752497478112525
Adam Carolla,Julianne Hough,6,9,18.5,21.0,4,43,United States,14.6,14.6,1,US,1849,2.747270914255491,2.747270914255491,0.07382062764034941,0.028374264650278275
Mario,Karina Smirnoff,6,5,25.25,28.0,8,21,United States,4.907692307692308,4.907692307692308,1,US,441,1.7762552826920899,1.7762552826920899,0.13192483821221737,0.013236704819058713
Ted McGinley,Inna Brayer,7,12,18.5,18.5,1,50,United States,3.661538461538461,3.661538461538461,1,US,2500,1.539345535613732,1.539345535613732,0.0634887257811886,0.0245886683765122
Cloris Leachman,Corky Ballas,7,7,17.5,22.0,6,82,United States,13.246153846153844,13.246153846153844,1,US,6724,2.6564869647505422,2.6564869647505422,0.09746431261371831,0.021914230871319468
Susan Lucci,Tony Dovolani,7,6,21.928571428571427,24.0,7,61,United States,1.8867924528301887,1.8867924528301887,1,US,3721,1.0601460078403135,1.0601460078403135,0.11091853977570554,0.02063316715067221
Cody Linley,Julianne Hough,7,4,22.833333333333332,28.0,9,18,United States,14.6,14.6,1,US,324,2.747270914255491,2.747270914255491,0.1390112681070893,0.011789635338961156
Misty May-Treanor,Maksim Chmerkoskiy,7,10,21.0,21.0,2,31,United States,0.0,0.0,1,US,961,0.0,0.0,0.0887542022337743,0.017431862043708397
Maurice Greene,Cheryl Burke,7,5,22.4375,27.0,8,34,United States,5.490566037735849,5.490566037735849,1,US,1156,1.8703497438212766,1.8703497438212766,0.12367614759375098,0.012520603142792512
Warren Sapp,Kym Johnson,7,2,24.25,27.5,10,35,United States,6.723076923076923,6.723076923076923,1,US,1225,2.044212849796092,2.044212849796092,0.16444271335866956,0.01169258808765174
Jeffrey Ross,Edyta Sliwinska,7,13,12.0,12.0,1,43,United States,0.0,0.0,1,US,1849,0.0,0.0,0.0476109888032036,0.0410501049533894
Toni Braxton,Alec Mazo,7,8,22.3,23.0,5,40,United States,0.0,0.0,1,US,1600,0.0,0.0,0.10736025688002834,0.014887039809932459
Lance Bass,Lacey Schwimmer,7,3,24.35,28.5,10,29,United States,21.153846153846157,21.153846153846157,1,US,841,3.0980111226744094,3.0980111226744094,0.16336220396671708,0.00988908776014117
Kim Kardashian,Mark Ballas,7,11,17.75,18.5,2,27,United States,10.66153846153846,10.66153846153846,1,US,729,2.4562961157467345,2.4562961157467345,0.0735433665986069,0.0205428179974463
Rocco DiSpirito,Karina Smirnoff,7,9,17.875,20.0,4,41,United States,4.907692307692308,4.907692307692308,1,US,1681,1.7762552826920899,1.7762552826920899,0.08436272186087115,0.013643546024757976
Brooke Burke,Derek Hough,7,1,26.95,30.0,10,37,United States,13.261538461538462,13.261538461538462,1,US,1369,2.657566295670218,2.657566295670218,0.18102775548272898,0.012615317794894821
Gilles Marini,Cheryl Burke,8,2,27.681818181818183,30.0,11,33,France,5.490566037735849,5.490566037735849,0,Other,1089,1.8703497438212766,1.8703497438212766,0.16887282201098638,0.009667943357992727
Denise Richards,Maksim Chmerkoskiy,8,12,18.333333333333332,21.0,3,38,United States,0.0,0.0,1,US,1444,0.0,0.0,0.06783073143854806,0.028511072753169265
David Alan Grier,Kym Johnson,8,9,20.8,24.0,5,52,United States,6.723076923076923,6.723076923076923,1,US,2704,2.044212849796092,2.044212849796092,0.0813655632438245,0.02692224276142894
Lawrence Taylor,Edyta Sliwinska,8,7,19.714285714285715,22.0,7,50,United States,0.0,0.0,1,US,2500,0.0,0.0,0.0867222972551815,0.01568004663172993
Ty Murray,Chelsie Hightower,8,4,21.8,26.0,10,39,United States,12.194444444444445,12.194444444444445,1,US,1521,2.5797958655785314,2.5797958655785314,0.11925054916457759,0.01659044040679227
Shawn Johnson,Mark Ballas,8,1,26.454545454545453,30.0,11,17,United States,10.66153846153846,10.66153846153846,1,US,289,2.4562961157467345,2.4562961157467345,0.1609850018191182,0.0085568592184059
Steve Wozniak,Karina Smirnoff,8,10,13.0,17.0,4,58,United States,4.907692307692308,4.907692307692308,1,US,3364,1.7762552826920899,1.7762552826920899,0.06744784783129598,0.027511096329285348
Belinda Carlisle,Jonathan Roberts,8,13,17.5,18.0,2,50,United States,0.0,0.0,1,US,2500,0.0,0.0,0.0635988124150412,0.02596074660117295
Chuck Wicks,Julianne Hough,8,6,22.9375,27.0,8,29,United States,14.6,14.6,1,US,841,2.747270914255491,2.747270914255491,0.10672128236134815,0.014235626038350012
Lil' Kim,Derek Hough,8,5,25.555555555555557,28.0,9,34,United States,13.261538461538462,13.261538461538462,1,US,1156,2.657566295670218,2.657566295670218,0.1260428572511609,0.014511991911145057
Steve-O,Lacey Schwimmer,8,8,15.833333333333334,18.0,6,34,England,21.153846153846157,21.153846153846157,0,English_Speaking,1156,3.0980111226744094,3.0980111226744094,0.08413665266604599,0.03348689159083315
Holly Madison,Dmitry Chaplin,8,11,17.25,18.0,4,30,United States,5.319444444444445,5.319444444444445,1,US,900,1.8436312999348952,1.8436312999348952,0.07021097870174385,0.032450500702247524
Melissa Rycroft,Tony Dovolani,8,3,26.681818181818183,29.0,11,26,United States,1.8867924528301887,1.8867924528301887,1,US,676,1.0601460078403135,1.0601460078403135,0.16280668489020741,0.011360609607222018
Ashley Hamiliton,Edyta Sliwinska,9,16,18.9999,18.9999,1,34,United States,0.0,0.0,1,US,1156,0.0,0.0,0.0519598658686016,0.0651804648425849
Debi Mazar,Maksim Chmerkoskiy,9,12,20.0,22.0,3,45,United States,0.0,0.0,1,US,2025,0.0,0.0,0.05739360040327993,0.026961337724751098
Melissa Joan Hart,Mark Ballas,9,9,22.833316666666665,28.0,6,33,United States,10.66153846153846,10.66153846153846,1,US,1089,2.4562961157467345,2.4562961157467345,0.0789542249960756,0.01562787245665035
Mark Dacascos,Lacey Schwimmer,9,6,24.214257142857143,32.0,7,45,United States,21.153846153846157,21.153846153846157,1,US,2025,3.0980111226744094,3.0980111226744094,0.09458128435201775,0.014506319060290901
Chuck Liddell,Anna Trebunskaya,9,11,18.75,22.0,4,39,United States,1.8867924528301887,1.8867924528301887,1,US,1521,1.0601460078403135,1.0601460078403135,0.061970956434317825,0.01446973837461815
Natalie Coughlin,Alec Mazo,9,10,23.999959999999998,26.9998,5,27,United States,0.0,0.0,1,US,729,0.0,0.0,0.08144911244389458,0.01483626805824834
Louie Vito,Chelsie Hightower,9,8,21.333299999999998,26.9998,6,21,United States,12.194444444444445,12.194444444444445,1,US,441,2.5797958655785314,2.5797958655785314,0.07845850731832256,0.017361060111004734
Michael Irvin,Anna Demidova,9,7,19.357114285714285,23.5,7,43,United States,5.476923076923077,5.476923076923077,1,US,1849,1.8682455637867443,1.8682455637867443,0.08214795155233125,0.03061316153272056
Joanna Krupa,Derek Hough,9,4,27.055533333333333,35.9999,9,30,Poland,13.261538461538462,13.261538461538462,0,Other,900,2.657566295670218,2.657566295670218,0.13216608414702,0.011943319196491966
Kathy Ireland,Tony Dovolani,9,14,18.99995,19.9999,2,46,United States,1.8867924528301887,1.8867924528301887,1,US,2116,1.0601460078403135,1.0601460078403135,0.05336517531788195,0.03077796266568885
Tom DeLay,Cheryl Burke,9,13,17.666633333333333,19.9999,3,62,United States,5.490566037735849,5.490566037735849,1,US,3844,1.8703497438212766,1.8703497438212766,0.056888179937775805,0.0291027335804539
Macy Gray,Jonathan Roberts,9,15,18.9999,18.9999,1,42,United States,0.0,0.0,1,US,1764,0.0,0.0,0.0519598658666616,0.0512110130941229
Aaron Carter,Karina Smirnoff,9,5,25.8124625,32.9998,8,21,United States,4.907692307692308,4.907692307692308,1,US,441,1.7762552826920899,1.7762552826920899,0.11278989210336304,0.013529382108112638
Mya,Dmitry Chaplin,9,2,28.433299999999996,33.0,10,29,United States,5.319444444444445,5.319444444444445,1,US,841,1.8436312999348952,1.8436312999348952,0.1592097524664689,0.01032136880752826
Donny Osmond,Kym Johnson,9,1,26.46662,30.999899999999997,10,51,United States,6.723076923076923,6.723076923076923,1,US,2601,2.044212849796092,2.044212849796092,0.15119634650302777,0.012913582170319121
Kelly Osbourne,Louis van Amstel,9,3,24.472159999999995,30.9998,10,24,England,0.0,0.0,0,English_Speaking,576,0.0,0.0,0.14139192595871758,0.01308352363898881
Aiden Turner,Edyta Sliwinska,10,9,17.625,20.0,4,32,England,0.0,0.0,0,English_Speaking,1024,0.0,0.0,0.0809646729452351,0.021195516730138825
Shannen Doherty,Mark Ballas,10,11,19.0,20.0,2,38,United States,10.66153846153846,10.66153846153846,1,US,1444,2.4562961157467345,2.4562961157467345,0.07059944957412001,0.03268806051073665
Niecy Nash,Louis van Amstel,10,5,20.999975,25.9998,8,40,United States,0.0,0.0,1,US,1600,0.0,0.0,0.11886813086003897,0.01724697179886689
Buzz Aldrin,Ashly DelGrosso,10,10,13.0,14.0,3,80,United States,2.7777777777777777,2.7777777777777777,1,US,6400,1.329135947279942,1.329135947279942,0.08142724432287346,0.025078508221647432
Chad Ochocinco,Cheryl Burke,10,4,22.166655555555554,30.999899999999997,9,32,United States,5.490566037735849,5.490566037735849,1,US,1024,1.8703497438212766,1.8703497438212766,0.13022486325758637,0.013592463395062766
Evan Lysacek,Anna Trebunskaya,10,2,26.288869999999996,29.5,10,24,United States,1.8867924528301887,1.8867924528301887,1,US,576,1.0601460078403135,1.0601460078403135,0.17472864858561643,0.01212799585247204
Pamela Anderson,Damian Whitewood,10,6,23.428542857142855,29.9998,7,42,Canada,6.492307692307692,6.492307692307692,0,English_Speaking,1764,2.013876853186953,2.013876853186953,0.12094537560507537,0.01712334321118923
Nicole Scherzinger,Derek Hough,10,1,28.07776,35.9999,10,31,United States,13.261538461538462,13.261538461538462,1,US,961,2.657566295670218,2.657566295670218,0.18644593883713045,0.011607825565809079
Erin Andrews,Maksim Chmerkoskiy,10,3,24.94998,34.0,10,32,United States,0.0,0.0,1,US,1024,0.0,0.0,0.16380110301548453,0.01107314233693083
Kate Gosselin,Tony Dovolani,10,8,15.4,16.0,5,35,United States,1.8867924528301887,1.8867924528301887,1,US,1225,1.0601460078403135,1.0601460078403135,0.08414925577306027,0.02794697108095532
Jake Pavelka,Chelsie Hightower,10,7,21.333316666666665,24.999899999999997,6,32,United States,12.194444444444445,12.194444444444445,1,US,1024,2.5797958655785314,2.5797958655785314,0.1084285079034107,0.015029887437655933
David Hasselhoff,Kym Johnson,11,12,15.0,15.0,1,58,United States,6.723076923076923,6.723076923076923,1,US,3364,2.044212849796092,2.044212849796092,0.066080372143502,0.0272232117259412
Florence Henderson,Corky Ballas,11,8,19.1,21.0,5,76,United States,13.246153846153844,13.246153846153844,1,US,5776,2.6564869647505422,2.6564869647505422,0.09067059588325306,0.014086907383002101
Kyle Massey,Lacey Schwimmer,11,2,25.58331,33.5,10,19,United States,21.153846153846157,21.153846153846157,1,US,361,3.0980111226744094,3.0980111226744094,0.16157366523544892,0.010335322569498439
Jennifer Grey,Derek Hough,11,1,27.9,36.5,10,50,United States,13.261538461538462,13.261538461538462,1,US,2500,2.657566295670218,2.657566295670218,0.17587871592089663,0.00901435788275386
Rick Fox,Cheryl Burke,11,6,25.0,34.5,7,41,Canada,5.490566037735849,5.490566037735849,0,English_Speaking,1681,1.8703497438212766,1.8703497438212766,0.1204464542780411,0.014840632670782058
Kurt Warner,Anna Trebunskaya,11,5,23.1249875,35.0,8,39,United States,1.8867924528301887,1.8867924528301887,1,US,1521,1.0601460078403135,1.0601460078403135,0.12818985003598238,0.014794640871865663
Margaret Cho,Louis van Amstel,11,10,17.0,18.0,3,41,United States,0.0,0.0,1,US,1681,0.0,0.0,0.07357801203878643,0.0175519297359139
Michael Bolton,Chelsie Hightower,11,11,14.0,16.0,2,57,United States,12.194444444444445,12.194444444444445,1,US,3249,2.5797958655785314,2.5797958655785314,0.0694491534525167,0.0185797892556993
Brandy,Maksim Chmerkoskiy,11,4,27.6111,36.5,9,31,United States,0.0,0.0,1,US,961,0.0,0.0,0.1528439674325962,0.01127708226493581
The Situation,Karina Smirnoff,11,9,16.75,20.0,4,28,United States,4.907692307692308,4.907692307692308,1,US,784,1.7762552826920899,1.7762552826920899,0.07755979870736475,0.022448816037509672
Audrina Patridge,Tony Dovolani,11,7,24.333299999999998,31.9998,6,25,United States,1.8867924528301887,1.8867924528301887,1,US,625,1.0601460078403135,1.0601460078403135,0.1077709294966709,0.019648199082467
Bristol Palin,Mark Ballas,11,3,22.916639999999997,32.5,10,19,United States,10.66153846153846,10.66153846153846,1,US,361,2.4562961157467345,2.4562961157467345,0.1545306034918385,0.0139716452648793
Ralph Macchio,Karina Smirnoff,12,4,24.11111111111111,33.0,9,49,United States,4.907692307692308,4.907692307692308,1,US,2401,1.7762552826920899,1.7762552826920899,0.14792213981071076,0.01644899192235662
Chelsea Kane,Mark Ballas,12,3,26.76666,36.5,10,22,United States,10.66153846153846,10.66153846153846,1,US,484,2.4562961157467345,2.4562961157467345,0.17023402794680798,0.01115119702658139
Kirstie Alley,Maksim Chmerkoskiy,12,2,24.64999,30.0,10,60,United States,0.0,0.0,1,US,3600,0.0,0.0,0.16073783936399472,0.00996972565963411
Hines Ward,Kym Johnson,12,1,26.76666,33.0,10,35,South Korea,6.723076923076923,6.723076923076923,0,Other,1225,2.044212849796092,2.044212849796092,0.1702506328285422,0.00939705736464635
Sugar Ray Leonard,Anna Trebunskaya,12,9,18.75,21.0,4,54,United States,1.8867924528301887,1.8867924528301887,1,US,2916,1.0601460078403135,1.0601460078403135,0.0859864593107364,0.018151426386658974
Chris Jericho,Cheryl Burke,12,7,22.333333333333332,26.0,6,40,United States,5.490566037735849,5.490566037735849,1,US,1600,1.8703497438212766,1.8703497438212766,0.11042449925641602,0.012556056817423817
Petra Nemcova,Dmitry Chaplin,12,8,21.2,25.0,5,31,Czechoslovakia,5.319444444444445,5.319444444444445,0,Other,961,1.8436312999348952,1.8436312999348952,0.09988404566467006,0.01548709359827948
Mike Catherwood,Lacey Schwimmer,12,11,15.0,17.0,2,32,United States,21.153846153846157,21.153846153846157,1,US,1024,3.0980111226744094,3.0980111226744094,0.0654527453089791,0.0223441534597121
Romeo,Chelsie Hightower,12,5,24.375,30.0,8,21,United States,12.194444444444445,12.194444444444445,1,US,441,2.5797958655785314,2.5797958655785314,0.1272626891271344,0.0153937357705833
Wendy Williams,Tony Dovolani,12,10,15.333333333333334,17.0,3,46,United States,1.8867924528301887,1.8867924528301887,1,US,2116,1.0601460078403135,1.0601460078403135,0.0711159471397839,0.0248514231199209
Kendra Wilkinson,Louis van Amstel,12,6,22.214285714285715,30.5,7,25,United States,0.0,0.0,1,US,625,0.0,0.0,0.1126011191644249,0.01524426437091427
Elisabetta Canalis,Valentin Chmerkovskiy,13,11,18.0,21.0,2,33,Italy,0.0,0.0,0,Other,1089,0.0,0.0,0.0701029415759856,0.0305176388150777
David Arquette,Kym Johnson,13,6,22.071428571428573,25.0,7,40,United States,6.723076923076923,6.723076923076923,1,US,1600,2.044212849796092,2.044212849796092,0.11197538796036041,0.015534500993159644
Ricki Lake,Derek Hough,13,3,26.59998,33.4999,10,42,United States,13.261538461538462,13.261538461538462,1,US,1764,2.657566295670218,2.657566295670218,0.17252869036312685,0.00923395184862779
J.R. Martinez,Karina Smirnoff,13,1,26.31665,30.0,10,28,United States,4.907692307692308,4.907692307692308,1,US,784,1.7762552826920899,1.7762552826920899,0.17359187691901518,0.00971245376327068
Metta World Peace (Ron),Peta Murgatroyd,13,12,14.0,14.0,1,31,United States,2.7384615384615385,2.7384615384615385,1,US,961,1.3186741734449114,1.3186741734449114,0.0645156177106246,0.0272504859764883
Hope Solo,Maksim Chmerkoskiy,13,4,23.055533333333333,26.0,9,30,United States,0.0,0.0,1,US,900,0.0,0.0,0.13935005941456943,0.018327710019721534
Chynna Phillips,Tony Dovolani,13,9,22.5,26.0,4,43,United States,1.8867924528301887,1.8867924528301887,1,US,1849,1.0601460078403135,1.0601460078403135,0.10483207639591464,0.017464931679006326
Kristin Cavallari,Mark Ballas,13,10,21.666666666666668,24.0,3,24,United States,10.66153846153846,10.66153846153846,1,US,576,2.4562961157467345,2.4562961157467345,0.08795996282149926,0.020528477276107068
Carson Kressley,Anna Trebunskaya,13,8,19.4,23.0,5,41,United States,1.8867924528301887,1.8867924528301887,1,US,1681,1.0601460078403135,1.0601460078403135,0.09562119095561944,0.01736766139769676
Chaz Bono,Lacey Schwimmer,13,7,18.833333333333332,21.0,6,42,United States,21.153846153846157,21.153846153846157,1,US,1764,3.0980111226744094,3.0980111226744094,0.10532714499314709,0.02285796826885385
Nancy Grace,Tristan MacManus,13,5,21.125,24.0,8,51,United States,18.953846153846158,18.953846153846158,1,US,2601,2.9934219144208067,2.9934219144208067,0.1189128417648796,0.019504004422089688
Rob Kardashian,Cheryl Burke,13,2,24.3833,32.4998,10,24,United States,5.490566037735849,5.490566037735849,1,US,576,1.8703497438212766,1.8703497438212766,0.155151482295816,0.019931895980799343
William Levy,Cheryl Burke,14,3,27.76666,36.0,10,31,Cuba,5.490566037735849,5.490566037735849,0,Other,961,1.8703497438212766,1.8703497438212766,0.15332415832381496,0.013295189424630049
Jack Wagner,Anna Trebunskaya,14,11,22.666666666666668,24.0,3,52,United States,1.8867924528301887,1.8867924528301887,1,US,2704,1.0601460078403135,1.0601460078403135,0.08404180164453805,0.014226924996399467
Sherri Sheperd,Valentin Chmerkovskiy,14,10,22.75,24.0,4,44,United States,0.0,0.0,1,US,1936,0.0,0.0,0.08785775720228052,0.016462466945963226
Jaleel White,Kym Johnson,14,7,25.928542857142855,36.9998,7,35,United States,6.723076923076923,6.723076923076923,1,US,1225,2.044212849796092,2.044212849796092,0.10735899103481612,0.016398372952489214
Roshon Fegan,Chelsie Hightower,14,6,25.999975,28.0,8,20,United States,12.194444444444445,12.194444444444445,1,US,400,2.5797958655785314,2.5797958655785314,0.11267712158520272,0.013495263284156513
Melissa Gilbert,Maksim Chmerkoskiy,14,5,23.25,30.0,8,47,United States,0.0,0.0,1,US,2209,0.0,0.0,0.10549299791046804,0.013959550078593187
Martina Navratilova,Tony Dovolani,14,12,18.5,20.0,2,55,Czechoslovakia,1.8867924528301887,1.8867924528301887,0,Other,3025,1.0601460078403135,1.0601460078403135,0.0722595425823514,0.02235092140635055
Donald Driver,Peta Murgatroyd,14,1,27.11665,33.9999,10,37,United States,2.7384615384615385,2.7384615384615385,1,US,1369,1.3186741734449114,1.3186741734449114,0.14892116867129115,0.01408919090416135
Gavin DeGraw,Karina Smirnoff,14,9,21.4,24.0,5,35,United States,4.907692307692308,4.907692307692308,1,US,1225,1.7762552826920899,1.7762552826920899,0.08501471811066844,0.014799100804422299
Gladys Knight,Tristan MacManus,14,8,22.0,24.0,6,67,United States,18.953846153846158,18.953846153846158,1,US,4489,2.9934219144208067,2.9934219144208067,0.09282006970581617,0.0175835697725456
Katherine Jenkins,Mark Ballas,14,2,28.54999,38.9999,10,31,Wales,10.66153846153846,10.66153846153846,0,Other,961,2.4562961157467345,2.4562961157467345,0.1598834981970394,0.01186044090664735
Maria Menounos,Derek Hough,14,4,26.72221111111111,29.999899999999997,9,33,United States,13.261538461538462,13.261538461538462,1,US,1089,2.657566295670218,2.657566295670218,0.12797425857486494,0.017119652786557412
Gilles Marini,Peta Murgatroyd,15,6,29.1284375,39.5,8,36,France,2.7384615384615385,2.7384615384615385,0,Other,1296,1.3186741734449114,1.3186741734449114,0.1166666940403546,0.011622063404096288
Sabrina Bryan,Louis van Amstel,15,8,28.125,35.5,6,28,United States,0.0,0.0,1,US,784,0.0,0.0,0.10282384601404997,0.013730372036538934
Kirstie Alley,Maksim Chmerkoskiy,15,7,25.1562375,30.0,8,61,United States,0.0,0.0,1,US,3721,0.0,0.0,0.10538805060229392,0.026034423919234925
Kelly Monaco,Valentin Chmerkovskiy,15,3,28.13052,37.5,10,36,United States,0.0,0.0,1,US,1296,0.0,0.0,0.1437756291385074,0.01650815969098204
Apolo Anton Ohno,Karina Smirnoff,15,5,28.404299999999996,34.5,9,30,United States,4.907692307692308,4.907692307692308,1,US,900,1.7762552826920899,1.7762552826920899,0.1209131730287721,0.013733756888275933
Emmitt Smith,Cheryl Burke,15,4,28.117255555555555,36.0,9,43,United States,5.490566037735849,5.490566037735849,1,US,1849,1.8703497438212766,1.8703497438212766,0.12534292075988157,0.011358965984763846
Shawn Johnson,Derek Hough,15,2,29.35274,39.5,10,20,United States,13.261538461538462,13.261538461538462,1,US,400,2.657566295670218,2.657566295670218,0.14626729828527693,0.01787689160706401
Pamela Anderson,Tristan MacManus,15,13,17.0,17.0,1,45,Canada,18.953846153846158,18.953846153846158,0,English_Speaking,2025,2.9934219144208067,2.9934219144208067,0.0614835339191353,0.0368079924094018
Helio Castroneves,Chelsie Hightower,15,10,23.333333333333332,25.5,3,37,Brazil,12.194444444444445,12.194444444444445,0,Other,1369,2.5797958655785314,2.5797958655785314,0.08084125385936773,0.02428176814713477
Joey Fatone,Kym Johnson,15,12,21.5,22.5,2,35,United States,6.723076923076923,6.723076923076923,1,US,1225,2.044212849796092,2.044212849796092,0.07091411967127689,0.0172668066246791
Drew Lachey,Anna Trebunskaya,15,11,22.666666666666668,24.0,3,36,United States,1.8867924528301887,1.8867924528301887,1,US,1296,1.0601460078403135,1.0601460078403135,0.08243869398642437,0.021676372436006997
Bristol Palin,Mark Ballas,15,9,23.0,32.0,4,21,United States,10.66153846153846,10.66153846153846,1,US,441,2.4562961157467345,2.4562961157467345,0.087041366375183,0.0320376445438
Melissa Rycroft,Tony Dovolani,15,1,29.33607,38.9999,10,29,United States,1.8867924528301887,1.8867924528301887,1,US,841,1.0601460078403135,1.0601460078403135,0.1448567766138985,0.019973643635576622
Ingo Rademacher,Kym Johnson,16,5,22.5,25.5,9,41,Germany,6.723076923076923,6.723076923076923,0,Other,1681,2.044212849796092,2.044212849796092,0.1172462004961604,0.013775772108434257
Zendaya,Valentin Chmerkovskiy,16,2,27.299979999999998,30.0,10,16,United States,0.0,0.0,1,US,256,0.0,0.0,0.152717990619024,0.012595948867313739
Dorothy Hamill,Tristan MacManus,16,12,18.0,21.0,2,56,United States,18.953846153846158,18.953846153846158,1,US,3136,2.9934219144208067,2.9934219144208067,0.08666511561320744,0.019837230668064
Victor Ortiz,Lindsay Arnold,16,8,19.666666666666668,23.0,6,26,United States,7.784615384615384,7.784615384615384,1,US,676,2.173001939760373,2.173001939760373,0.09037802049450074,0.020000913427319866
Alexandra Raisman,Mark Ballas,16,4,26.45,32.0,10,18,United States,10.66153846153846,10.66153846153846,1,US,324,2.4562961157467345,2.4562961157467345,0.14466565355722713,0.01173755741208189
Jacoby Jones,Karina Smirnoff,16,3,25.19997,29.5,10,28,United States,4.907692307692308,4.907692307692308,1,US,784,1.7762552826920899,1.7762552826920899,0.13951025838628037,0.0108156202180316
D. L. Hughley,Cheryl Burke,16,9,16.6,21.0,5,50,United States,5.490566037735849,5.490566037735849,1,US,2500,1.8703497438212766,1.8703497438212766,0.06911440450087826,0.02524679008786044
Andy Dick,Sharna Burgess,16,7,18.928571428571427,21.5,7,47,United States,0.0,0.0,1,US,2209,0.0,0.0,0.09056635383237019,0.013555291554665587
Wynonna Judd,Tony Dovolani,16,11,17.0,18.0,3,48,United States,1.8867924528301887,1.8867924528301887,1,US,2304,1.0601460078403135,1.0601460078403135,0.07608916561798718,0.019433438427377634
Kellie Pickler,Derek Hough,16,1,26.75,30.0,10,26,United States,13.261538461538462,13.261538461538462,1,US,676,2.657566295670218,2.657566295670218,0.14701000110508838,0.00938015088218257
Lisa Vanderpump,Gleb Savchenko,16,10,18.75,21.0,4,52,England,9.723076923076922,9.723076923076922,0,English_Speaking,2704,2.372398140864887,2.372398140864887,0.08241242576125825,0.015673976300898625
Sean Lowe,Peta Murgatroyd,16,6,21.5,24.0,8,29,United States,2.7384615384615385,2.7384615384615385,1,US,841,1.3186741734449114,1.3186741734449114,0.10658663817936972,0.011421812744204313
Valerie Harper,Tristan MacManus,17,10,18.5,21.0,4,74,United States,18.953846153846158,18.953846153846158,1,US,5476,2.9934219144208067,2.9934219144208067,0.0792930549220129,0.017675018982503427
Brant Daugherty,Peta Murgatroyd,17,7,25.8125,31.0,8,28,United States,2.7384615384615385,2.7384615384615385,1,US,784,1.3186741734449114,1.3186741734449114,0.10722666684473328,0.011281664336560712
Elizabeth Berkley Lauren,Valentin Chmerkovskiy,17,6,26.555533333333333,31.9998,9,39,United States,0.0,0.0,1,US,1521,0.0,0.0,0.11668628212162109,0.012898030704604756
Leah Remini,Tony Dovolani,17,5,25.699990000000003,32.5,10,43,United States,1.8867924528301887,1.8867924528301887,1,US,1849,1.0601460078403135,1.0601460078403135,0.12192260127673057,0.014112347493881742
Corbin Bleu,Karina Smirnoff,17,2,28.515118181818185,37.5,11,24,United States,4.907692307692308,4.907692307692308,1,US,576,1.7762552826920899,1.7762552826920899,0.14226725505855448,0.009502443433558246
Amber Riley,Derek Hough,17,1,28.53028181818182,39.5,11,27,United States,13.261538461538462,13.261538461538462,1,US,729,2.657566295670218,2.657566295670218,0.14390694469137172,0.0128589223277199
Keyshawn Johnson,Sharna Burgess,17,12,17.5,18.0,2,41,United States,0.0,0.0,1,US,1681,0.0,0.0,0.06341082758302505,0.02414425760086605
Bill Engvall,Emma Slater,17,4,23.409072727272726,30.0,11,56,United States,0.0,0.0,1,US,3136,0.0,0.0,0.13021734722333986,0.018249862293689443
Christina Milian,Mark Ballas,17,9,25.0,28.0,5,31,United States,10.66153846153846,10.66153846153846,1,US,961,2.4562961157467345,2.4562961157467345,0.09309284143035308,0.02074587585427214
"Nicole ""Snooki"" Polizzi",Sasha Farber,17,8,25.142857142857142,30.0,7,25,Chile,5.486111111111111,5.486111111111111,0,Other,625,1.869663138652842,1.869663138652842,0.10250151944050857,0.013945534688464472
Jack Osbourne,Cheryl Burke,17,3,26.909063636363634,35.5,11,27,England,5.490566037735849,5.490566037735849,0,English_Speaking,729,1.8703497438212766,1.8703497438212766,0.13456331243122135,0.010692867089172619
Bill Nye,Tyne Stecklein,17,11,15.666666666666666,17.0,3,57,United States,6.722222222222222,6.722222222222222,1,US,3249,2.044102175234527,2.044102175234527,0.061770647280482295,0.0248858801203219
Billy Dee Williams,Emma Slater,18,10,15.0,15.0,2,76,United States,0.0,0.0,1,US,5776,0.0,0.0,0.07097445189619796,0.02183746053858665
Danica McKellar,Valentin Chmerkovskiy,18,6,33.125,39.0,8,39,United States,0.0,0.0,1,US,1521,0.0,0.0,0.12015863843662312,0.010466912924096475
James Maslow,Peta Murgatroyd,18,4,33.0,40.0,10,23,United States,2.7384615384615385,2.7384615384615385,1,US,529,1.3186741734449114,1.3186741734449114,0.13736306250685085,0.014525172755594682
Candace Cameron Bure,Mark Ballas,18,3,30.799979999999998,37.0,10,37,United States,10.66153846153846,10.66153846153846,1,US,1369,2.4562961157467345,2.4562961157467345,0.13937843959264665,0.00956772597782383
Sean Avery,Karina Smirnoff,18,11,20.5,21.0,2,33,Canada,4.907692307692308,4.907692307692308,0,English_Speaking,1089,1.7762552826920899,1.7762552826920899,0.0682213546618093,0.02305375300602045
Diana Nyad,Henry Byalikov,18,12,18.0,18.0,1,64,United States,3.3846153846153846,3.3846153846153846,1,US,4096,1.4781019103730135,1.4781019103730135,0.0687022900763358,0.0289412880281884
Charlie White,Sharna Burgess,18,5,34.166666666666664,40.0,9,26,United States,0.0,0.0,1,US,676,0.0,0.0,0.13384543164790463,0.010294264988538578
Amy Purdy,Derek Hough,18,2,33.91666,40.0,10,34,United States,13.261538461538462,13.261538461538462,1,US,1156,2.657566295670218,2.657566295670218,0.144226358612558,0.0076539849227994505
Meryl Davis,Maksim Chmerkoskiy,18,1,34.8,40.0,10,27,United States,0.0,0.0,1,US,729,0.0,0.0,0.1474702180213941,0.00789186222028481
Drew Carey,Cheryl Burke,18,8,27.5,33.0,6,55,United States,5.490566037735849,5.490566037735849,1,US,3025,1.8703497438212766,1.8703497438212766,0.09962182284365,0.012943238013850349
Cody Simpson,Witney Carson,18,9,28.8,35.0,5,17,Australia,6.676923076923077,6.676923076923077,0,English_Speaking,289,2.0382188258558815,2.0382188258558815,0.09626584116639562,0.01147060246787016
NeNe Leakes,Tony Dovolani,18,7,29.571428571428573,36.0,7,46,United States,1.8867924528301887,1.8867924528301887,1,US,2116,1.0601460078403135,1.0601460078403135,0.10336959632216362,0.011855215124237857
Antonio Sabato Jr.,Cheryl Burke,19,8,28.5,31.0,7,42,Italy,5.490566037735849,5.490566037735849,0,Other,1764,1.8703497438212766,1.8703497438212766,0.08928928902861959,0.013833988110880671
Jonathan Bennett,Allison Holker,19,9,28.666666666666668,32.0,6,33,United States,16.916666666666668,16.916666666666668,1,US,1089,2.8857313783396625,2.8857313783396625,0.08966397820471785,0.011110893905369401
Lea Thompson,Artem Chigvintsev,19,6,33.888888888888886,39.0,9,53,United States,12.541666666666666,12.541666666666666,1,US,2809,2.605771351981792,2.605771351981792,0.11485854323461069,0.009952493356241522
Janel Parrish,Valentin Chmerkovskiy,19,3,36.1818,43.0,11,25,United States,0.0,0.0,1,US,625,0.0,0.0,0.13955547255133574,0.013533021462667754
Alfonso Ribeiro,Witney Carson,19,1,36.72727272727273,41.0,11,42,United States,6.676923076923077,6.676923076923077,1,US,1764,2.0382188258558815,2.0382188258558815,0.14537664985724832,0.007075715793108763
Lolo Jones,Keo Motsepe,19,13,22.0,22.0,1,32,United States,2.805555555555556,2.805555555555556,1,US,1024,1.336461987372015,1.336461987372015,0.0537634583582285,0.0211297889191727
Randy Couture,Karina Smirnoff,19,11,28.333333333333332,31.0,3,51,United States,4.907692307692308,4.907692307692308,1,US,2601,1.7762552826920899,1.7762552826920899,0.08429154621555973,0.011974099088040965
Tommy Chong,Peta Murgatroyd,19,5,28.65,34.0,10,76,Canada,2.7384615384615385,2.7384615384615385,0,English_Speaking,5776,1.3186741734449114,1.3186741734449114,0.111553222136656,0.01170339076465582
Betsey Johnson,Tony Dovolani,19,10,26.5,29.0,4,72,United States,1.8867924528301887,1.8867924528301887,1,US,5184,1.0601460078403135,1.0601460078403135,0.07083564990581756,0.016274886086690175
Michael Waltrip,Emma Slater,19,7,25.625,30.0,8,51,United States,0.0,0.0,1,US,2601,0.0,0.0,0.09252323932774828,0.016292980215084463
Tavis Smiley,Sharna Burgess,19,12,28.5,29.0,2,50,United States,0.0,0.0,1,US,2500,0.0,0.0,0.07340424820774875,0.01059631275366605
Bethany Mota,Derek Hough,19,4,36.04545454545455,40.0,11,18,United States,13.261538461538462,13.261538461538462,1,US,324,2.657566295670218,2.657566295670218,0.14090971408213268,0.007960861437146992
Sadie Robertson,Mark Ballas,19,2,35.16665454545455,39.333200000000005,11,17,United States,10.66153846153846,10.66153846153846,1,US,289,2.4562961157467345,2.4562961157467345,0.1387724261845228,0.008657398902630035
Suzanne Somers,Tony Dovolani,20,9,26.8,28.0,5,68,United States,1.8867924528301887,1.8867924528301887,1,US,4624,1.0601460078403135,1.0601460078403135,0.08531122616322409,0.0116960583597509
Willow Shields,Mark Ballas,20,7,33.92857142857143,39.0,7,14,United States,10.66153846153846,10.66153846153846,1,US,196,2.4562961157467345,2.4562961157467345,0.10346534842576179,0.017386311207030516
Riker Lynch,Allison Holker,20,2,36.3,40.0,10,23,United States,16.916666666666668,16.916666666666668,1,US,529,2.8857313783396625,2.8857313783396625,0.15868422433012133,0.006883158407251749
Rumer Willis,Valentin Chmerkovskiy,20,1,36.25,40.0,10,26,United States,0.0,0.0,1,US,676,0.0,0.0,0.1591644877337899,0.00977944891397621
Nastia Liukin,Derek Hough,20,4,36.388888888888886,41.0,9,25,Russia,13.261538461538462,13.261538461538462,0,Other,625,2.657566295670218,2.657566295670218,0.13774129942783625,0.00858656179639341
Michael Sam,Peta Murgatroyd,20,10,27.0,30.0,4,25,United States,2.7384615384615385,2.7384615384615385,1,US,625,1.3186741734449114,1.3186741734449114,0.08312925776388866,0.0105021204907923
Robert Herjavec,Kym Johnson,20,6,29.8125,34.0,8,52,Croatia,6.723076923076923,6.723076923076923,0,Other,2704,2.044212849796092,2.044212849796092,0.11237592671625135,0.013769806904784524
Charlotte McKinney,Keo Motsepe,20,11,23.333333333333332,26.0,3,21,United States,2.805555555555556,2.805555555555556,1,US,441,1.336461987372015,1.336461987372015,0.07295888615812686,0.018123673504099366
Noah Galloway,Sharna Burgess,20,3,32.05,38.0,10,33,United States,0.0,0.0,1,US,1089,0.0,0.0,0.1440935078563263,0.00848430537946672
Redfoo,Emma Slater,20,12,26.5,31.0,2,39,United States,0.0,0.0,1,US,1521,0.0,0.0,0.06433296550902551,0.013738252983137
Patti LaBelle,Artem Chigvintsev,20,8,27.666666666666668,34.0,6,70,United States,12.541666666666666,12.541666666666666,1,US,4900,2.605771351981792,2.605771351981792,0.08905295594048013,0.014822698273772333
Chris Soules,Witney Carson,20,5,28.375,35.0,8,33,United States,6.676923076923077,6.676923076923077,1,US,1089,2.0382188258558815,2.0382188258558815,0.10958847077872051,0.014315316112176575
Gary Busey,Anna Trebunskaya,21,10,18.125,25.0,4,71,United States,1.8867924528301887,1.8867924528301887,1,US,5041,1.0601460078403135,1.0601460078403135,0.06951078034746465,0.024837534591293002
Alexa PenaVega,Mark Ballas,21,6,28.499977777777776,40.0,9,27,United States,10.66153846153846,10.66153846153846,1,US,729,2.4562961157467345,2.4562961157467345,0.11276516670141769,0.010778214170187268
Carlos PenaVega,Witney Carson,21,4,29.454527272727272,39.0,11,26,United States,6.676923076923077,6.676923076923077,1,US,676,2.0382188258558815,2.0382188258558815,0.14232162277493277,0.009160388198182108
Victor Espinoza,Karina Smirnoff,21,12,16.75,18.5,2,43,Mexico,4.907692307692308,4.907692307692308,0,Other,1849,1.7762552826920899,1.7762552826920899,0.0584222118208303,0.0372830444473123
Alek Skarlatos,Lindsay Arnold,21,3,26.727263636363638,33.0,11,22,United States,7.784615384615384,7.784615384615384,1,US,484,2.173001939760373,2.173001939760373,0.1376942448676955,0.011557520668708791
Chaka Khan,Keo Motsepe,21,13,14.0,15.0,2,62,United States,2.805555555555556,2.805555555555556,1,US,3844,1.336461987372015,1.336461987372015,0.0525754745709862,0.0612646720856279
Andy Grammer,Allison Holker,21,7,27.874975,40.0,8,31,United States,16.916666666666668,16.916666666666668,1,US,961,2.8857313783396625,2.8857313783396625,0.10660066136017163,0.010663171336349638
Tamar Braxton,Valentin Chmerkovskiy,21,5,28.444444444444443,40.0,9,38,United States,0.0,0.0,1,US,1444,0.0,0.0,0.11950832852827614,0.013419623225953834
Nick Carter,Sharna Burgess,21,2,29.818181818181817,39.0,11,35,United States,0.0,0.0,1,US,1225,0.0,0.0,0.1460931683085522,0.008743670174944691
Hayes Grier,Emma Slater,21,8,27.214285714285715,32.0,7,15,United States,0.0,0.0,1,US,225,0.0,0.0,0.10015640080915011,0.0147968312794781
Bindi Irwin,Derek Hough,21,1,30.318181818181817,40.0,11,17,Australia,13.261538461538462,13.261538461538462,0,English_Speaking,289,2.657566295670218,2.657566295670218,0.14848356059854656,0.009894085777077436
Kim Zolciak-Biermann,Tony Dovolani,21,11,15.25,18.5,2,37,United States,1.8867924528301887,1.8867924528301887,1,US,1369,1.0601460078403135,1.0601460078403135,0.052422211820830344,0.0312687854577097
Paula Deen,Louis van Amstel,21,9,20.25,26.0,6,68,United States,0.0,0.0,1,US,4624,0.0,0.0,0.07170616108752974,0.014321968896384268
Mischa Barton,Artem Chigvintsev,22,11,16.333333333333332,18.0,3,30,England,12.541666666666666,12.541666666666666,0,English_Speaking,900,2.605771351981792,2.605771351981792,0.06856912510269464,0.018356313416178268
Kim Fields,Sasha Farber,22,8,24.428571428571427,32.0,7,46,United States,5.486111111111111,5.486111111111111,1,US,2116,1.869663138652842,1.869663138652842,0.09760237004630028,0.010115697836570542
Jodie Sweetin,Keo Motsepe,22,6,25.8125,35.0,8,34,United States,2.805555555555556,2.805555555555556,1,US,1156,1.336461987372015,1.336461987372015,0.10617260038689633,0.015266056085541288
Doug Flutie,Karina Smirnoff,22,9,21.333333333333332,28.0,6,53,United States,4.907692307692308,4.907692307692308,1,US,2809,1.7762552826920899,1.7762552826920899,0.0844584543021115,0.019474613820243618
Von Miller,Witney Carson,22,7,24.571428571428573,32.0,7,27,United States,6.676923076923077,6.676923076923077,1,US,729,2.0382188258558815,2.0382188258558815,0.09920990388565519,0.009974921573577114
Antonio Brown,Sharna Burgess,22,5,25.38888888888889,35.0,9,27,United States,0.0,0.0,1,US,729,0.0,0.0,0.1173463023844554,0.016688876731606142
Paige VanZant,Mark Ballas,22,2,27.76666,36.0,10,22,United States,10.66153846153846,10.66153846153846,1,US,484,2.4562961157467345,2.4562961157467345,0.14539667774918316,0.01211959518972174
Geraldo Rivera,Edyta Sliwinska,22,12,13.0,13.0,2,72,United States,0.0,0.0,1,US,5184,0.0,0.0,0.0548888158487183,0.04227354826645725
Nyle DiMarco,Peta Murgatroyd,22,1,27.84998,37.0,10,26,United States,2.7384615384615385,2.7384615384615385,1,US,676,1.3186741734449114,1.3186741734449114,0.14815897023183688,0.014136992650195851
Ginger Zee,Valentin Chmerkovskiy,22,3,27.083319999999997,36.0,10,35,United States,0.0,0.0,1,US,1225,0.0,0.0,0.14609105692488125,0.014456955131582891
Wanya Morris,Lindsay Arnold,22,4,27.5,35.0,9,42,United States,7.784615384615384,7.784615384615384,1,US,1764,2.173001939760373,2.173001939760373,0.12771849790662324,0.01067142468493329
Marla Maples,Tony Dovolani,22,10,22.5,28.0,4,52,United States,1.8867924528301887,1.8867924528301887,1,US,2704,1.0601460078403135,1.0601460078403135,0.08716182372105698,0.015735696759471725
Jake T. Austin,Jenna Johnson,23,13,23.0,24.0,2,21,United States,11.291666666666666,11.291666666666666,1,US,441,2.508921525991874,2.508921525991874,0.06401518570483244,0.024784470974207648
Maureen McCormick,Artem Chigvintsev,23,8,26.857142857142858,33.0,7,60,United States,12.541666666666666,12.541666666666666,1,US,3600,2.605771351981792,2.605771351981792,0.08889804831429755,0.016006818971377058
Marilu Henner,Derek Hough,23,6,28.333333333333332,36.0,9,64,United States,13.261538461538462,13.261538461538462,1,US,4096,2.657566295670218,2.657566295670218,0.10799359019185946,0.01094280577796839
Ryan Lochte,Cheryl Burke,23,7,26.0,33.0,8,32,United States,5.490566037735849,5.490566037735849,1,US,1024,1.8703497438212766,1.8703497438212766,0.09338803487602662,0.013169526551223474
Calvin Johnson Jr.,Lindsay Arnold,23,3,30.939372727272726,38.3331,11,30,United States,7.784615384615384,7.784615384615384,1,US,900,2.173001939760373,2.173001939760373,0.13193095773840743,0.011292045613022309
Laurie Hernandez,Valentin Chmerkovskiy,23,1,32.98483636363637,40.0,11,16,United States,0.0,0.0,1,US,256,0.0,0.0,0.14221859816819618,0.009247739602597246
Amber Rose,Maksim Chmerkoskiy,23,9,24.833333333333332,28.0,6,32,United States,0.0,0.0,1,US,1024,0.0,0.0,0.08459096994799448,0.012231445499730568
Rick Perry,Emma Slater,23,12,21.666666666666668,23.0,3,66,United States,0.0,0.0,1,US,4356,0.0,0.0,0.0662889514530825,0.016416467482115532
James Hinchcliffe,Sharna Burgess,23,2,32.772690909090905,38.9998,11,29,Canada,0.0,0.0,0,English_Speaking,841,0.0,0.0,0.14201710934759273,0.009302999653501237
Babyface,Allison Holker,23,11,24.75,30.0,4,57,United States,16.916666666666668,16.916666666666668,1,US,3249,2.8857313783396625,2.8857313783396625,0.0813743560224737,0.0156084751758493
Vanilla Ice,Witney Carson,23,10,24.25,26.0,4,48,United States,6.676923076923077,6.676923076923077,1,US,2304,2.0382188258558815,2.0382188258558815,0.07730834983269966,0.012843312873719676
Jana Kramer,Gleb Savchenko,23,4,30.90909090909091,40.0,11,32,United States,9.723076923076922,9.723076923076922,1,US,1024,2.372398140864887,2.372398140864887,0.13204332421532938,0.009740244871772582
Terra Jole,Sasha Farber,23,5,29.45,38.0,10,36,United States,5.486111111111111,5.486111111111111,1,US,1296,1.869663138652842,1.869663138652842,0.11591833180226088,0.011730410217413962
Charo,Keo Motsepe,24,11,23.333333333333332,25.0,3,66,Spain,2.805555555555556,2.805555555555556,0,Other,4356,1.336461987372015,1.336461987372015,0.07190867472603156,0.016672129808482167
Mr. T,Kym Herjavec,24,10,23.5,28.0,4,64,United States,6.476923076923077,6.476923076923077,1,US,4096,2.011821354004857,2.011821354004857,0.07234920889062688,0.01816283237129255
Heather Morris,Maksim Chmerkoskiy,24,8,32.833333333333336,37.0,6,30,United States,0.0,0.0,1,US,900,0.0,0.0,0.10195947648100108,0.009823600271182033
Nancy Kerrigan,Artem Chigvintsev,24,7,32.5,36.0,7,47,United States,12.541666666666666,12.541666666666666,1,US,2209,2.605771351981792,2.605771351981792,0.10780401176148217,0.010021873604850387
Bonner Bolton,Sharna Burgess,24,5,28.4375,32.0,8,29,United States,0.0,0.0,1,US,841,0.0,0.0,0.10956244827768015,0.015434055211901226
Simone Biles,Sasha Farber,24,4,35.166666666666664,40.0,9,20,United States,5.486111111111111,5.486111111111111,1,US,400,1.869663138652842,1.869663138652842,0.14053738484511802,0.009898395921576621
David Ross,Lindsay Arnold,24,2,31.28333,36.3333,10,40,United States,7.784615384615384,7.784615384615384,1,US,1600,2.173001939760373,2.173001939760373,0.15293834306692475,0.012945761852382758
Rashad Jennings,Emma Slater,24,1,35.16666,39.6666,10,32,United States,0.0,0.0,1,US,1024,0.0,0.0,0.16045630368332228,0.00896490555023359
Chris Kattan,Witney Carson,24,12,19.5,22.0,2,46,United States,6.676923076923077,6.676923076923077,1,US,2116,2.0382188258558815,2.0382188258558815,0.05808908007870745,0.02017943467031305
Erika Jayne,Gleb Savchenko,24,9,28.0,32.0,5,45,United States,9.723076923076922,9.723076923076922,1,US,2025,2.372398140864887,2.372398140864887,0.08692804876949858,0.0092220015584469
Normani,Valentin Chmerkovskiy,24,3,35.883320000000005,42.0,10,20,United States,0.0,0.0,1,US,400,0.0,0.0,0.1608232963575679,0.01179810332696803
Nick Viall,Peta Murgatroyd,24,6,29.071428571428573,34.0,7,36,United States,2.7384615384615385,2.7384615384615385,1,US,1296,1.3186741734449114,1.3186741734449114,0.09916547344749323,0.010185766501805185
Sasha Pieterse,Gleb Savchenko,25,10,21.5,24.0,5,21,South Africa,9.723076923076922,9.723076923076922,0,Other,441,2.372398140864887,2.372398140864887,0.0825329216420676,0.016948934312873302
Frankie Muniz,Witney Carson,25,3,26.888869999999997,38.8887,10,31,United States,6.676923076923077,6.676923076923077,1,US,961,2.0382188258558815,2.0382188258558815,0.1287132025378894,0.01693230464356495
Jordan Fisher,Lindsay Arnold,25,1,29.5,40.0,10,23,United States,7.784615384615384,7.784615384615384,1,US,529,2.173001939760373,2.173001939760373,0.1421154355627004,0.010572581186803539
Derek Fisher,Sharna Burgess,25,11,20.25,23.0,4,43,United States,0.0,0.0,1,US,1849,0.0,0.0,0.07892303769305642,0.0146230236267566
Nikki Bella,Artem Chigvintsev,25,8,24.5,36.0,7,33,United States,12.541666666666666,12.541666666666666,1,US,1089,2.605771351981792,2.605771351981792,0.09609457826977444,0.015394640798673672
Terrell Owens,Cheryl Burke,25,6,23.9375,37.0,8,43,United States,5.490566037735849,5.490566037735849,1,US,1849,1.8703497438212766,1.8703497438212766,0.09785080688110828,0.0156327382141963
Victoria Arlen,Valentin Chmerkovskiy,25,5,25.38888888888889,31.0,9,22,United States,0.0,0.0,1,US,484,0.0,0.0,0.1132839293178828,0.013379664563904044
Barbara Corcoran,Keo Motsepe,25,13,15.5,17.0,2,68,United States,2.805555555555556,2.805555555555556,1,US,4624,1.336461987372015,1.336461987372015,0.0591740616456284,0.0187292026044531
Lindsey Stirling,Mark Ballas,25,2,28.65,40.0,10,31,United States,10.66153846153846,10.66153846153846,1,US,961,2.4562961157467345,2.4562961157467345,0.1380847964964659,0.00954124443995517
Debbie Gibson,Alan Bersten,25,12,18.75,20.5,2,47,United States,5.846153846153846,5.846153846153846,1,US,2209,1.9236870122706031,1.9236870122706031,0.06915363999086946,0.022874061051700048
Nick Lachey,Peta Murgatroyd,25,9,21.333333333333332,26.0,6,43,United States,2.7384615384615385,2.7384615384615385,1,US,1849,1.3186741734449114,1.3186741734449114,0.0855933209399692,0.013920518202313133
Drew Scott,Emma Slater,25,4,25.2,37.5,10,39,Canada,0.0,0.0,0,English_Speaking,1521,0.0,0.0,0.12420285388122812,0.01572520378021498
Vanessa Lachey,Maksim Chmerkoskiy,25,7,25.5,36.0,7,36,Philippines,0.0,0.0,0,Other,1296,0.0,0.0,0.09932016578907878,0.014257124038893615
Jamie Anderson,Artem Chigvintsev,26,10,19.0,19.0,1,27,United States,12.541666666666666,12.541666666666666,1,US,729,2.605771351981792,2.605771351981792,0.0794325723778223,0.0295044998237865
Johnny Damon,Emma Slater,26,9,18.0,18.0,1,44,United States,0.0,0.0,1,US,1936,0.0,0.0,0.0841944828244347,0.0285784078983718
Kareem Abdul-Jabbar,Lindsay Arnold,26,8,23.25,29.5,2,71,United States,7.784615384615384,7.784615384615384,1,US,5041,2.173001939760373,2.173001939760373,0.09831632593291965,0.01739795632289335
Arike Ogunbowale,Gleb Savchenko,26,7,27.5,35.0,2,21,United States,9.723076923076922,9.723076923076922,1,US,441,2.372398140864887,2.372398140864887,0.1044576769056424,0.02134239429116755
Jennie Finch Daigle,Keo Motsepe,26,6,27.166666666666668,31.5,3,37,United States,2.805555555555556,2.805555555555556,1,US,1369,1.336461987372015,1.336461987372015,0.12689067226858927,0.016181683521046934
Chris Mazdzer,Witney Carson,26,5,29.0,33.0,3,29,United States,6.676923076923077,6.676923076923077,1,US,841,2.0382188258558815,2.0382188258558815,0.1259520657152546,0.014399015531524133
Mirai Nagasu,Alan Bersten,26,4,31.666666666666668,37.0,3,25,United States,5.846153846153846,5.846153846153846,1,US,625,1.9236870122706031,1.9236870122706031,0.13737547350485327,0.013603880453559399
Tonya Harding,Sasha Farber,26,3,29.75,35.0,4,47,United States,5.486111111111111,5.486111111111111,1,US,2209,1.869663138652842,1.869663138652842,0.18261474310737008,0.01937171950468425
Josh Norman,Sharna Burgess,26,2,30.5,38.0,4,30,United States,0.0,0.0,1,US,900,0.0,0.0,0.18709765100916753,0.012134336221296975
Adam Rippon,Jenna Johnson,26,1,32.75,41.0,4,28,United States,11.291666666666666,11.291666666666666,1,US,784,2.508921525991874,2.508921525991874,0.1953301820470941,0.010197274230031476
Juan Pablo Di Pace,Cheryl Burke,27,5,27.375,30.0,8,39,Argentina,5.490566037735849,5.490566037735849,0,Other,1521,1.8703497438212766,1.8703497438212766,0.11374057948426806,0.0129564946215961
Evanna Lynch,Keo Motsepe,27,3,26.055555555555557,30.0,9,27,Ireland,2.805555555555556,2.805555555555556,0,English_Speaking,729,1.336461987372015,1.336461987372015,0.1229043924825254,0.021015697844506867
Nancy McKeon,Valentin Chmerkovskiy,27,11,20.666666666666668,22.0,3,52,United States,0.0,0.0,1,US,2704,0.0,0.0,0.07582561058659533,0.024204541082240932
John Schneider,Emma Slater,27,8,21.642857142857142,27.0,7,58,United States,0.0,0.0,1,US,3364,0.0,0.0,0.09227139635206004,0.022725347033098586
Milo Manheim,Witney Carson,27,2,27.27777777777778,30.0,9,17,United States,6.676923076923077,6.676923076923077,1,US,289,2.0382188258558815,2.0382188258558815,0.13032208868181472,0.012041021947176267
Danelle Umstead,Artem Chigvintsev,27,12,18.25,18.5,2,46,United States,12.541666666666666,12.541666666666666,1,US,2116,2.605771351981792,2.605771351981792,0.0700149396676054,0.02286821893412725
Mary Lou Retton,Sasha Farber,27,9,23.666666666666668,26.0,6,50,United States,5.486111111111111,5.486111111111111,1,US,2500,1.869663138652842,1.869663138652842,0.09233120199576549,0.018704213819666183
DeMarcus Ware,Lindsay Arnold,27,7,24.714285714285715,26.5,7,36,United States,7.784615384615384,7.784615384615384,1,US,1296,2.173001939760373,2.173001939760373,0.10353977116212475,0.013966501236192256
Nikki Glaser,Gleb Savchenko,27,13,17.5,17.5,1,34,United States,9.723076923076922,9.723076923076922,1,US,1156,2.372398140864887,2.372398140864887,0.0549068166903277,0.031319543052029
Bobby Bones,Sharna Burgess,27,1,22.38888888888889,27.0,9,38,United States,0.0,0.0,1,US,1444,0.0,0.0,0.12158792676987715,0.014786480075544855
Tinashe,Brandon Armstrong,27,10,25.5,27.0,4,25,United States,6.964912280701754,6.964912280701754,1,US,625,2.0750459302067976,2.0750459302067976,0.08921996434079993,0.01930840127694405
Alexis Ren,Alan Bersten,27,4,26.5,29.0,9,21,United States,5.846153846153846,5.846153846153846,1,US,441,1.9236870122706031,1.9236870122706031,0.1292161704887814,0.010236988199292056
Joe Amabile,Jenna Johnson,27,6,18.75,23.5,8,32,United States,11.291666666666666,11.291666666666666,1,US,1024,2.508921525991874,2.508921525991874,0.1062301735745567,0.023831900920531314
Kate Flannery,Pasha Pashkov,28,7,23.374975,27.0,8,55,United States,4.647887323943662,4.647887323943662,1,US,3025,1.7312815502652539,1.7312815502652539,0.047826554902308825,0.3873523601654197
James Van Der Beek,Emma Slater,28,5,26.549979999999998,36.0,10,42,United States,0.0,0.0,1,US,1764,0.0,0.0,0.19739058000689363,0.32389514212591114
Kel Mitchell,Witney Carson,28,2,26.409072727272726,37.0,11,41,United States,6.676923076923077,6.676923076923077,1,US,1681,2.0382188258558815,2.0382188258558815,0.0891540143594692,0.4065792974995258
Ray Lewis,Cheryl Burke,28,11,15.0,15.0,2,44,United States,5.490566037735849,5.490566037735849,1,US,1936,1.8703497438212766,1.8703497438212766,0.02526890008006355,0.4907843153845789
Lamar Odom,Peta Murgatroyd,28,10,13.75,20.0,4,39,United States,2.7384615384615385,2.7384615384615385,1,US,1521,1.3186741734449114,1.3186741734449114,0.017702804983872174,0.2917159715154173
Sailor Brinkley-Cook,Valentin Chmerkovskiy,28,9,23.5,31.0,6,21,United States,0.0,0.0,1,US,441,0.0,0.0,0.12194326848711556,0.19104871111837787
Sean Spicer,Lindsay Arnold,28,6,18.88888888888889,25.0,9,48,United States,7.784615384615384,7.784615384615384,1,US,2304,2.173001939760373,2.173001939760373,0.0703726293290786,0.2167002435889222
Mary Wilson,Brandon Armstrong,28,12,16.0,17.0,2,75,United States,6.964912280701754,6.964912280701754,1,US,5625,2.0750459302067976,2.0750459302067976,0.045042476484665556,0.43969146463039044
Lauren Alaina,Gleb Savchenko,28,4,25.5,35.0,11,24,United States,9.723076923076922,9.723076923076922,1,US,576,2.372398140864887,2.372398140864887,0.25044231825615415,0.33073037847653003
Ally Brooke,Sasha Farber,28,3,27.318181818181817,40.0,11,26,United States,5.486111111111111,5.486111111111111,1,US,676,1.869663138652842,1.869663138652842,0.11774438769638323,0.3351734134443712
Karamo Brown,Jenna Johnson,28,8,21.5,28.0,7,38,United States,11.291666666666666,11.291666666666666,1,US,1444,2.508921525991874,2.508921525991874,0.09856390940989089,0.28797249938308817
Hannah Brown,Alan Bersten,28,1,26.77270909090909,35.5,11,24,United States,5.846153846153846,5.846153846153846,1,US,576,1.9236870122706031,1.9236870122706031,0.12239447486017575,0.2303380595279797
Anne Heche,Keo Motsepe,29,13,18.0,21.0,4,51,United States,2.805555555555556,2.805555555555556,1,US,2601,1.336461987372015,1.336461987372015,0.035339642812389827,0.593923132878154
Jesse Metcalfe,Sharna Burgess,29,12,19.6,21.0,5,41,United States,0.0,0.0,1,US,1681,0.0,0.0,0.05968753332410546,0.3684623810389012
Chrishell Stause,Gleb Savchenko,29,8,21.375,27.0,8,39,United States,9.723076923076922,9.723076923076922,1,US,1521,2.372398140864887,2.372398140864887,0.036550552081512276,0.3142843919996577
Skai Jackson,Alan Bersten,29,5,23.54996,28.9998,10,18,United States,5.846153846153846,5.846153846153846,1,US,324,1.9236870122706031,1.9236870122706031,0.1256057777440934,0.24687331023054723
Justina Machado,Sasha Farber,29,4,25.090872727272725,30.0,11,48,United States,5.486111111111111,5.486111111111111,1,US,2304,1.869663138652842,1.869663138652842,0.15869417269585903,0.5266275118829431
Charles Oakley,Emma Slater,29,15,13.5,15.0,2,56,United States,0.0,0.0,1,US,3136,0.0,0.0,0.004617756090201449,0.5454954877912805
Veron Davis,Peta Murgatroyd,29,11,20.166666666666668,22.0,6,36,United States,2.7384615384615385,2.7384615384615385,1,US,1296,1.3186741734449114,1.3186741734449114,0.028519141918676768,0.3368831844214768
Johnny Weir,Britt Stewart,29,6,25.05,30.0,10,36,United States,6.661971830985915,6.661971830985915,1,US,1296,2.0362693698146273,2.0362693698146273,0.04798099776238992,0.8147571361894638
Nev Schulman,Jenna Johnson,29,2,26.363618181818183,30.0,11,35,United States,11.291666666666666,11.291666666666666,1,US,1225,2.508921525991874,2.508921525991874,0.13444613418670695,0.5725610175369075
AJ McLean,Cheryl Burke,29,7,23.444422222222222,27.0,9,42,United States,5.490566037735849,5.490566037735849,1,US,1764,1.8703497438212766,1.8703497438212766,0.09535934271298833,0.3931059662735633
Nelly,Daniella Karagach,29,3,22.954545454545453,28.5,11,45,United States,13.23943661971831,13.23943661971831,1,US,2025,2.656015341979156,2.656015341979156,0.1395909845087911,0.31027302586277683
Kaitlyn Bristowe,Artem Chigvintsev,29,1,26.0,30.0,11,35,Canada,12.541666666666666,12.541666666666666,0,English_Speaking,1225,2.605771351981792,2.605771351981792,0.10976966889513226,0.8073940825422277
Carole Baskin,Pasha Pashkov,29,14,13.0,16.0,3,59,United States,4.647887323943662,4.647887323943662,1,US,3481,1.7312815502652539,1.7312815502652539,0.005472604015393867,0.5026447224050695
Monica Aldama,Valentin Chmerkovskiy,29,10,22.142857142857142,27.0,7,48,United States,0.0,0.0,1,US,2304,0.0,0.0,0.11451271880148543,0.5567232639950651
Jeannie Mai,Brandon Armstrong,29,9,21.857142857142858,25.0,7,41,United States,6.964912280701754,6.964912280701754,1,US,1681,2.0750459302067976,2.0750459302067976,0.10111853364223651,0.42037369347878356
Martin Kove,Britt Stewart,30,15,14.0,15.0,2,75,United States,6.661971830985915,6.661971830985915,1,US,5625,2.0362693698146273,2.0362693698146273,0.0039302413194475,0.7266444925741015
Brian Austin Green,Sharna Burgess,30,13,23.0,26.0,4,48,United States,0.0,0.0,1,US,2304,0.0,0.0,0.0304528505998825,0.5513234597335797
Melora Hardin,Artem Chigvintsev,30,6,33.166666666666664,42.0,9,54,United States,12.541666666666666,12.541666666666666,1,US,2916,2.605771351981792,2.605771351981792,0.05511338231244624,0.6541002562510414
Matt James,Lindsay Arnold,30,12,23.625,28.5,4,29,United States,7.784615384615384,7.784615384615384,1,US,841,2.173001939760373,2.173001939760373,0.02722089802387665,0.792865231329839
"Mike ""The Miz"" Mizanin",Witney Carson,30,9,28.928571428571427,34.0,7,40,United States,6.676923076923077,6.676923076923077,1,US,1600,2.0382188258558815,2.0382188258558815,0.06551356195337472,0.5382437708390605
Suni Lee,Sasha Farber,30,5,32.94444444444444,42.0,9,18,United States,5.486111111111111,5.486111111111111,1,US,324,1.869663138652842,1.869663138652842,0.22335976195196594,0.3729047484874297
Iman Shumpert,Daniella Karagach,30,1,31.1,40.0,10,31,United States,13.23943661971831,13.23943661971831,1,US,961,2.656015341979156,2.656015341979156,0.10908599425057086,0.43508874113051643
Cody Rigsby,Cheryl Burke,30,3,31.05,38.0,10,34,United States,5.490566037735849,5.490566037735849,1,US,1156,1.8703497438212766,1.8703497438212766,0.12428593256817641,0.2985939771735492
Melanie C,Gleb Savchenko,30,11,29.6,36.0,5,47,England,9.723076923076922,9.723076923076922,0,English_Speaking,2209,2.372398140864887,2.372398140864887,0.11067706636216279,0.31984089737200694
Jimmie Allen,Emma Slater,30,7,30.4375,38.0,8,36,United States,0.0,0.0,1,US,1296,0.0,0.0,0.053155472516505,0.4346673075894261
Olivia Jade,Valentin Chmerkovskiy,30,8,32.625,42.0,8,21,United States,0.0,0.0,1,US,441,0.0,0.0,0.03920078520132325,0.5099903977922133
JoJo Siwa,Jenna Johnson,30,2,35.9,41.0,10,18,United States,11.291666666666666,11.291666666666666,1,US,324,2.508921525991874,2.508921525991874,0.15255411757687962,0.5440992641701382
Christine Chiu,Pasha Pashkov,30,14,23.333333333333332,25.0,3,38,Taiwan China,4.647887323943662,4.647887323943662,0,Other,1444,1.7312815502652539,1.7312815502652539,0.0269149886077522,0.5914057558052458
Kenya Moore,Brandon Armstrong,30,10,28.083333333333332,36.0,6,50,United States,6.964912280701754,6.964912280701754,1,US,2500,2.0750459302067976,2.0750459302067976,0.10295385013969384,0.4046604270406262
Amanda Kloots,Alan Bersten,30,4,34.95,42.0,10,39,United States,5.846153846153846,5.846153846153846,1,US,1521,1.9236870122706031,1.9236870122706031,0.09466273866416024,0.8636975543746882
Jason Lewis,Peta Murgatroyd,31,16,18.0,18.0,1,51,United States,2.7384615384615385,2.7384615384615385,1,US,2601,1.3186741734449114,1.3186741734449114,0.0029031416103227,0.903008740618648
Cheryl Ladd,Louis van Amstel,31,14,22.0,24.0,3,71,United States,0.0,0.0,1,US,5041,0.0,0.0,0.015555253947648234,0.5875767177119977
Selma Blair,Sasha Farber,31,12,31.2,40.0,5,50,United States,5.486111111111111,5.486111111111111,1,US,2500,1.869663138652842,1.869663138652842,0.18517785546413354,0.30455004301585237
Joseph Baena,Daniella Karagach,31,11,27.8,35.0,5,24,United States,13.23943661971831,13.23943661971831,1,US,576,2.656015341979156,2.656015341979156,0.03447516903854564,0.38531426349281717
Trevor Donovan,Emma Slater,31,6,31.833333333333332,39.0,9,39,United States,0.0,0.0,1,US,1521,0.0,0.0,0.04939148312503556,0.4543702218351479
Daniel Durant,Britt Stewart,31,5,32.611111111111114,39.0,9,32,United States,6.661971830985915,6.661971830985915,1,US,1024,2.0362693698146273,2.0362693698146273,0.12635197364316542,0.5211437714577677
Wayne Brady,Witney Carson,31,3,36.25,45.0,10,50,United States,6.676923076923077,6.676923076923077,1,US,2500,2.0382188258558815,2.0382188258558815,0.0773801586716186,0.8927268470466124
Sam Champion,Cheryl Burke,31,13,24.0,26.0,4,61,United States,5.490566037735849,5.490566037735849,1,US,3721,1.8703497438212766,1.8703497438212766,0.015430902606483976,0.673566420232995
Jessie James Decker,Alan Bersten,31,10,28.333333333333332,36.0,6,34,Italy,5.846153846153846,5.846153846153846,0,Other,1156,1.9236870122706031,1.9236870122706031,0.018805402130165214,0.4522732468526505
Jordin Sparks,Brandon Armstrong,31,9,31.428571428571427,35.5,7,32,United States,6.964912280701754,6.964912280701754,1,US,1024,2.0750459302067976,2.0750459302067976,0.07322022991524414,0.3675384300828549
Heidi D'Amelio,Artem Chigvintsev,31,8,32.875,39.0,8,50,United States,12.541666666666666,12.541666666666666,1,US,2500,2.605771351981792,2.605771351981792,0.06361240407361177,0.3523213382342414
Charli D'Amelio,Mark Ballas,31,1,37.9,45.0,10,18,United States,10.66153846153846,10.66153846153846,1,US,324,2.4562961157467345,2.4562961157467345,0.04480649789547275,0.5147434166592649
Teresa Giudice,Pasha Pashkov,31,15,21.5,23.0,2,50,United States,4.647887323943662,4.647887323943662,1,US,2500,1.7312815502652539,1.7312815502652539,0.006784505454490251,0.8263028144081284
Vinny Guadagnino,Koko Iwasaki,31,7,26.9375,31.5,8,34,United States,6.640625,6.640625,1,US,1156,2.0334794061152,2.0334794061152,0.0327981145667534,0.5224405487974434
Shangela,Gleb Savchenko,31,4,34.55,42.0,10,40,United States,9.723076923076922,9.723076923076922,1,US,1600,2.372398140864887,2.372398140864887,0.18097797929736706,0.23483555832893824
Gabby Windey,Valentin Chmerkovskiy,31,2,36.25,41.0,10,31,United States,0.0,0.0,1,US,961,0.0,0.0,0.2766877711829401,0.577349008585912
Jamie Lynn Spears,Alan Bersten,32,13,15.5,16.0,2,32,United States,5.846153846153846,5.846153846153846,1,US,1024,1.9236870122706031,1.9236870122706031,0.01554925641807485,0.5532208114287824
Mira Sorvino,Gleb Savchenko,32,10,20.8,26.0,5,55,United States,9.723076923076922,9.723076923076922,1,US,3025,2.372398140864887,2.372398140864887,0.08254888980587241,0.334699754596994
Barry Williams,Peta Murgatroyd,32,7,24.6875,35.0,8,68,United States,2.7384615384615385,2.7384615384615385,1,US,4624,1.3186741734449114,1.3186741734449114,0.10679466693628627,0.21541364201380658
Alyson Hannigan,Sasha Farber,32,5,25.545454545454547,36.0,11,49,United States,5.486111111111111,5.486111111111111,1,US,2401,1.869663138652842,1.869663138652842,0.1617117080225685,0.2250167505353312
Xochitl Gomez,Valentin Chmerkovskiy,32,1,31.727272727272727,42.0,11,17,United States,0.0,0.0,1,US,289,0.0,0.0,0.07785906493646864,0.5995261359476209
Adrian Peterson,Britt Stewart,32,11,19.0,22.0,4,38,United States,6.661971830985915,6.661971830985915,1,US,1444,2.0362693698146273,2.0362693698146273,0.09354199642029459,0.39298646906688783
Matt Walsh,Koko Iwasaki,32,14,12.0,12.0,1,58,United States,6.640625,6.640625,1,US,3364,2.0334794061152,2.0334794061152,0.0053262041284971,0.6612904935839407
Tyson Beckford,Jenna Johnson,32,12,16.666666666666668,20.0,3,52,United States,11.291666666666666,11.291666666666666,1,US,2704,2.508921525991874,2.508921525991874,0.01564218014897077,0.6057623555495588
Jason Mraz,Daniella Karagach,32,2,30.863636363636363,43.0,11,46,United States,13.23943661971831,13.23943661971831,1,US,2116,2.656015341979156,2.656015341979156,0.10207718283194245,0.7872346020660154
Lele Pons,Brandon Armstrong,32,8,26.642857142857142,37.0,7,27,Venezuela,6.964912280701754,6.964912280701754,0,Other,729,2.0750459302067976,2.0750459302067976,0.16130858866303768,0.2873282319265788
Harry Jowsey,Rylee Arnold,32,6,23.22222222222222,32.0,9,26,Australia,19.211267605633804,19.211267605633804,0,English_Speaking,676,3.006240251152406,3.006240251152406,0.07256874704140465,0.349962391635642
Mauricio Umansky,Emma Slater,32,9,21.0,33.0,6,53,Mexico,0.0,0.0,0,Other,2809,0.0,0.0,0.058760293099854734,0.26212023825930325
Charity Lawson,Artem Chigvintsev,32,4,30.636363636363637,39.0,11,27,United States,12.541666666666666,12.541666666666666,1,US,729,2.605771351981792,2.605771351981792,0.10516855775803952,0.7351851873014343
Ariana Madix,Pasha Pashkov,32,3,30.863636363636363,42.0,11,38,United States,4.647887323943662,4.647887323943662,1,US,1444,1.7312815502652539,1.7312815502652539,0.2023233382486693,0.5947121807158374
Tori Spelling,Pasha Pashkov,33,12,18.0,19.0,2,51,United States,4.647887323943662,4.647887323943662,1,US,2601,1.7312815502652539,1.7312815502652539,0.0101993095038411,0.5055317200628708
Eric Roberts,Britt Stewart,33,10,17.666666666666668,23.0,3,68,United States,6.661971830985915,6.661971830985915,1,US,4624,2.0362693698146273,2.0362693698146273,0.01767346046979777,0.5784552775391636
Reginald VelJohnson,Emma Slater,33,10,17.333333333333332,21.0,3,74,United States,0.0,0.0,1,US,5476,0.0,0.0,0.0186271203540523,0.3984442949231481
Chandler Kinney,Brandon Armstrong,33,3,29.055555555555557,34.5,9,24,United States,6.964912280701754,6.964912280701754,1,US,576,2.0750459302067976,2.0750459302067976,0.08535737651702881,0.5821015709275741
Dwight Howard,Daniella Karagach,33,6,25.428571428571427,31.0,7,38,United States,13.23943661971831,13.23943661971831,1,US,1444,2.656015341979156,2.656015341979156,0.23673506793053137,0.2587804889953897
Danny Amendola,Witney Carson,33,5,26.77777777777778,36.0,9,39,United States,6.676923076923077,6.676923076923077,1,US,1521,2.0382188258558815,2.0382188258558815,0.1021141884186165,0.44546859902166436
Stephen Nedoroscik,Rylee Arnold,33,4,26.88888888888889,33.0,9,26,United States,19.211267605633804,19.211267605633804,1,US,676,3.006240251152406,3.006240251152406,0.239341298180331,0.35103655869280925
Ilona Maher,Alan Bersten,33,2,25.77777777777778,32.0,9,28,United States,5.846153846153846,5.846153846153846,1,US,784,1.9236870122706031,1.9236870122706031,0.1357971559153519,0.28827414125349665
Anna Delvey,Ezra Sosa,33,12,17.5,18.0,2,33,Russia,17.774647887323944,17.774647887323944,0,Other,1089,2.932507443137393,2.932507443137393,0.02088826078585845,0.5584986775310683
Brooks Nader,Gleb Savchenko,33,9,25.125,32.0,4,27,United States,9.723076923076922,9.723076923076922,1,US,729,2.372398140864887,2.372398140864887,0.02786652844057645,0.4043583122824602
Phaedra Parks,Val Chmerkovskiy,33,8,24.8,32.0,5,51,United States,14.52112676056338,14.52112676056338,1,US,2601,2.7422021126715443,2.7422021126715443,0.0663359391246557,0.3904764263038524
Jenn Tran,Sasha Farber,33,7,26.25,32.0,6,26,United States,5.486111111111111,5.486111111111111,1,US,676,1.869663138652842,1.869663138652842,0.10097635575725404,0.3753884579147743
Joey Graziadei,Jenna Johnson,33,1,28.666666666666668,36.0,9,29,United States,11.291666666666666,11.291666666666666,1,US,841,2.508921525991874,2.508921525991874,0.11769816958047397,0.428791883873272
Corey Feldman,Jenna Johnson,34,13,12.0,15.0,2,54,United States,11.291666666666666,11.291666666666666,1,US,2916,2.508921525991874,2.508921525991874,0.0053262041284971,0.514841869719025
Danielle Fishel,Pasha Pashkov,34,8,26.25,37.0,8,44,United States,4.647887323943662,4.647887323943662,1,US,1936,1.7312815502652539,1.7312815502652539,0.0897993210041798,0.31296998214903
Elaine Hendrix,Alan Bersten (Rashad Jennings week 9),34,5,27.909072727272726,37.5,11,55,United States,0.0,0.0,1,US,3025,0.0,0.0,0.1506350206438108,0.3468493365845175
Baron Davis,Britt Stewart,34,13,14.0,18.0,2,46,United States,6.661971830985915,6.661971830985915,1,US,2116,2.0362693698146273,2.0362693698146273,0.011402662461180251,0.4373306729381129
Jordan Chiles,Ezra Sosa (Apolo Anton Ohno week 9),34,3,29.5606,39.0,11,24,United States,0.0,0.0,1,US,576,0.0,0.0,0.06831292840754423,0.37845426447805414
Andy Richter,Emma Slater/Kaitlyn Bristowe (week 9),34,7,22.666666666666668,34.0,9,59,United States,1.2820512820512822,1.2820512820512822,1,US,3481,0.8250747236024933,0.8250747236024933,0.04422646533842263,0.3066903958185877
Robert Irwin,Witney Carson (Xoshitl Gomez week 9),34,1,30.196963636363638,42.0,11,22,Australia,0.0,0.0,0,English_Speaking,484,0.0,0.0,0.22092306511432175,0.348732563562575
Hilaria Baldwin,Gleb Savchenko,34,11,20.0,23.0,4,41,United States,9.723076923076922,9.723076923076922,1,US,1681,2.372398140864887,2.372398140864887,0.11211267459130267,0.3392016527696854
Lauren Jauregui,Brandon Armstrong,34,12,17.333333333333332,21.0,3,29,United States,6.964912280701754,6.964912280701754,1,US,841,2.0750459302067976,2.0750459302067976,0.0745957737910789,0.5191331929289255
Scott Hoying,Rylee Arnold,34,10,21.5,30.0,6,34,United States,19.211267605633804,19.211267605633804,1,US,1156,3.006240251152406,3.006240251152406,0.03660154427338912,0.5664456154068924
Alix Earle,Val Chmerkovskiy (Joey Graziadei week 9),34,2,30.136363636363637,43.0,11,24,United States,0.0,0.0,1,US,576,0.0,0.0,0.12272041340693572,0.498359204821565
Jen Affleck,Jan Ravnik,34,9,24.428571428571427,34.0,7,26,United States,16.012820512820515,16.012820512820515,1,US,676,2.833967207642616,2.833967207642616,0.09570938706329894,0.5186312027661484
Whitney Leavitt,Mark Ballas,34,6,31.05,42.0,10,32,United States,10.66153846153846,10.66153846153846,1,US,1024,2.4562961157467345,2.4562961157467345,0.09244335991701906,0.7072373350888888
Dylan Efron,Daniella Karagach (Rumer Willis week 9),34,4,28.98483636363636,42.0,11,33,United States,1.2820512820512822,1.2820512820512822,1,US,1089,0.8250747236024933,0.8250747236024933,0.10685065576823606,0.3870594353640104
